Date,Revenue,COGS
2012-07-04,15.449357909240307,15.197543901328316
2012-07-05,14.827756516101003,14.581248703103581
2012-07-06,14.931972725418376,14.738830066014735
2012-07-07,14.796814175947144,14.561367648537875
2012-07-08,14.67453351001824,14.408076777022641
2012-07-09,15.082003821635174,14.84077862172383
2012-07-10,15.47086586831386,15.212853616808562
2012-07-11,15.535216365548381,15.282996367471599
2012-07-12,15.562034316960265,15.310392981355307
2012-07-13,15.485010620645566,15.23702817708776
2012-07-14,15.15597886522114,14.938966950186444
2012-07-15,15.188933000246074,14.964335189502293
2012-07-16,15.069359362440608,14.81180236833779
2012-07-17,15.314403536617247,15.057663914471275
2012-07-18,15.461114997346536,15.219648069034385
2012-07-19,15.675160441641227,15.426401795809205
2012-07-20,15.458667821076462,15.253920652176268
2012-07-21,15.051609164054845,14.82568370541778
2012-07-22,14.952558498500553,14.744384737134407
2012-07-23,15.36954541407539,15.119783162300836
2012-07-24,15.22564280552458,14.993689025399439
2012-07-25,15.473107784194976,15.236211266079248
2012-07-26,15.582288241378745,15.337028915321659
2012-07-27,15.455807485249466,15.199152203743912
2012-07-28,15.280375275688327,15.040362935942019
2012-07-29,15.385001228587052,15.15566854437349
2012-07-30,15.700476776640313,15.463228464290932
2012-07-31,16.02944181386927,15.781628319525076
2012-08-01,16.029085000388847,15.804550709866923
2012-08-02,16.084596856440946,15.835401405258002
2012-08-03,16.045231468823154,15.778251058732739
2012-08-04,15.669336124093983,15.44230283058394
2012-08-05,14.673843813774456,14.43792090614968
2012-08-06,15.104744501006035,14.888025148287864
2012-08-07,14.622100006666162,14.392835376989497
2012-08-08,14.777750989419488,14.50716032796441
2012-08-09,15.314841713580904,15.102446827779472
2012-08-10,15.042955029830427,14.808495836208722
2012-08-11,14.820766052726956,14.589624196332272
2012-08-12,15.035804297288633,14.791682576626295
2012-08-13,15.183684483659535,14.975395402807735
2012-08-14,15.210247470244257,14.996685324708666
2012-08-15,15.145312411126731,14.875702337763572
2012-08-16,15.473734668845657,15.255927736966814
2012-08-17,15.223880708337937,14.990747386713938
2012-08-18,15.053889632474073,14.848309892416518
2012-08-19,15.177589562151692,14.9163877464759
2012-08-20,15.07992772880281,14.85474071864237
2012-08-21,15.238012498748972,15.028749986201719
2012-08-22,15.34106321508556,15.085964494399178
2012-08-23,15.516409533667249,15.24958005399994
2012-08-24,15.349761793266964,15.105352296190178
2012-08-25,15.093542218380614,14.839522766233772
2012-08-26,15.269511587433044,15.061664155465298
2012-08-27,14.927005125946003,14.676399220721711
2012-08-28,16.0677153733283,15.822361593440949
2012-08-29,16.041275006526114,15.80834457836651
2012-08-30,16.084596856440946,15.888797287587803
2012-08-31,16.02429907228165,15.800292612093656
2012-09-01,15.962635271181718,15.723323593363334
2012-09-02,14.766048285308198,14.481337044049946
2012-09-03,15.167603152520917,14.935046440182308
2012-09-04,15.109072784264278,14.872248141957177
2012-09-05,14.690223388859527,14.491703565328002
2012-09-06,14.865712539808015,14.580006281237747
2012-09-07,15.004193505908896,14.763313933544312
2012-09-08,15.11466786783422,14.846558354525719
2012-09-09,15.310323487340371,15.093517011682064
2012-09-10,15.330410026529254,15.073204742290603
2012-09-11,15.20718207374087,14.99857594039316
2012-09-12,15.020276834407932,14.798970715858713
2012-09-13,14.77471145397416,14.559259579663062
2012-09-14,15.13171218314657,14.857698258770396
2012-09-15,15.097867457071695,14.862668451549515
2012-09-16,15.30886701024094,15.085690663676655
2012-09-17,15.38657964564511,15.184676621229055
2012-09-18,15.440601139694845,15.232140577261973
2012-09-19,15.118489237319697,14.918886402861588
2012-09-20,15.140765535484702,14.940529313312695
2012-09-21,15.187647458508694,14.906997162472623
2012-09-22,15.169378579609763,14.917871724135043
2012-09-23,15.230951145936924,15.007902218984992
2012-09-24,15.56179565246217,15.338467197242514
2012-09-25,15.545376632177648,15.320120395191193
2012-09-26,15.339887972478811,15.115816120900751
2012-09-27,15.837970772182267,15.610117490983338
2012-09-28,15.403240986574406,15.172528496369768
2012-09-29,15.484042596426942,15.243455761215317
2012-09-30,15.361876789724123,15.153858260563796
2012-10-01,15.37418831807586,15.141111805547226
2012-10-02,14.988963363267011,14.758058188538971
2012-10-03,15.072587928883435,14.83176413102619
2012-10-04,14.690203469443095,14.458640860749224
2012-10-05,14.79607254776437,14.540592449068702
2012-10-06,14.606359574219994,14.377982491800447
2012-10-07,15.036222203925792,14.8181517234531
2012-10-08,15.211022419601575,15.005027591287064
2012-10-09,15.273817803072568,15.060443416719757
2012-10-10,15.082096876477731,14.859034144754311
2012-10-11,15.045587092931365,14.832686865470624
2012-10-12,14.682661830072393,14.420317742948034
2012-10-13,14.84441988023056,14.629361017228401
2012-10-14,14.93249660390663,14.738573633661712
2012-10-15,14.98939057220253,14.7835633383436
2012-10-16,15.082260736330738,14.83194567511077
2012-10-17,15.155250117129949,14.949709963056428
2012-10-18,14.88357081353367,14.648975239591543
2012-10-19,14.872390997347567,14.670806226166881
2012-10-20,14.991873174964837,14.789063166548132
2012-10-21,14.689148833544742,14.467964626323282
2012-10-22,15.0953769839368,14.870977732146219
2012-10-23,15.201590616122925,14.963503081120523
2012-10-24,15.158161497558568,14.926661346736264
2012-10-25,14.948350834799653,14.743147754553894
2012-10-26,14.575815406388015,14.329398360471632
2012-10-27,14.851138083121352,14.647057910632727
2012-10-28,15.649672345143463,15.433739287691283
2012-10-29,15.506443679603715,15.27283211892131
2012-10-30,15.663536285123964,15.434876763384947
2012-10-31,15.413418027605601,15.169171411376663
2012-11-01,15.526918126584695,15.306380303106796
2012-11-02,14.476564247872366,14.252336817216982
2012-11-03,14.884299042047486,14.58182314553152
2012-11-04,14.793398144765405,14.572290865541204
2012-11-05,15.019218165128551,14.820835083364369
2012-11-06,15.0508355098952,14.84847301666428
2012-11-07,14.493451157308773,14.246094919346046
2012-11-08,14.602929729597074,14.359817631775613
2012-11-09,14.887200695968085,14.65229026746188
2012-11-10,14.954943007550957,14.72190861832293
2012-11-11,15.063942819614049,14.813833959607997
2012-11-12,15.152346534955496,14.939575329797565
2012-11-13,15.163193775705473,14.930244498292389
2012-11-14,14.982877355490999,14.751674079379063
2012-11-15,14.912908566359073,14.64064136021905
2012-11-16,14.863357476026442,14.629072490397855
2012-11-17,14.996771509698888,14.731737515804909
2012-11-18,15.007218142056896,14.783633568747723
2012-11-19,15.35339079761875,15.127815351843381
2012-11-20,15.077414480350678,14.859732026528171
2012-11-21,14.961187265416623,14.717712028698243
2012-11-22,14.794361291246034,14.549092978264486
2012-11-23,15.103533320354218,14.873187699877322
2012-11-24,14.641380840194605,14.380505782180666
2012-11-25,14.877171971180639,14.643209037742148
2012-11-26,15.10383377079138,14.894886566731238
2012-11-27,15.363751606632743,15.137548560801578
2012-11-28,15.196860631212674,14.960700565147889
2012-11-29,14.952072755861424,14.757446139638715
2012-11-30,14.97386644673765,14.718368447836434
2012-12-01,14.935500624883552,14.705864763307801
2012-12-02,14.383950351031247,14.197238304251405
2012-12-03,14.655088719430893,14.407250869118965
2012-12-04,14.683852048394352,14.438604851848197
2012-12-05,14.642435922568234,14.43069278623788
2012-12-06,14.821159061888864,14.596952046372676
2012-12-07,14.540737167141502,14.306130037672146
2012-12-08,14.5514228072525,14.35746903188679
2012-12-09,14.703452752291026,14.448763360639772
2012-12-10,14.74861541286361,14.516364753043618
2012-12-11,15.123689627957742,14.914484168014617
2012-12-12,15.29402440032376,15.081111590442934
2012-12-13,14.660015583444759,14.424811804411613
2012-12-14,14.7935804712473,14.55818896137516
2012-12-15,15.035025086583163,14.806188012851806
2012-12-16,15.06393683085959,14.811208477458022
2012-12-17,15.269859015059243,15.049162529132305
2012-12-18,15.295873116584028,15.060734102006107
2012-12-19,15.146681596863326,14.915583289666104
2012-12-20,15.178021049399355,14.957338029591382
2012-12-21,15.193320046647091,14.970643488435272
2012-12-22,14.986482226842279,14.755329337757251
2012-12-23,14.581713548420742,14.386931572060641
2012-12-24,15.008638043855111,14.770691113638481
2012-12-25,15.408214430089696,15.165257082012857
2012-12-26,15.00494486362446,14.793323184279474
2012-12-27,15.423756302048,15.182717846867375
2012-12-28,15.96420577328589,15.714978406460038
2012-12-29,15.875121054119136,15.649844224907566
2012-12-30,15.689143353645004,15.460339189247348
2012-12-31,15.533578674394557,15.304412372541597
2013-01-01,15.484075121876074,15.240080762912061
2013-01-02,14.28984320348318,14.028602836050807
2013-01-03,14.640423014357212,14.420991976562348
2013-01-04,14.681306186285486,14.478584059806527
2013-01-05,14.735579650834037,14.497105624050345
2013-01-06,14.772312523757611,14.538450862824769
2013-01-07,14.93002945967112,14.71262596886449
2013-01-08,14.711476705706477,14.495158603808965
2013-01-09,14.533212146442814,14.319195245828883
2013-01-10,14.843103802414557,14.56794220155242
2013-01-11,14.666976114286074,14.406455081578027
2013-01-12,14.850329835977247,14.622825388765987
2013-01-13,14.886998491584833,14.639572801541359
2013-01-14,14.93968606550096,14.722757304010493
2013-01-15,14.746259043023175,14.554726269073239
2013-01-16,14.430582909556641,14.184051952261767
2013-01-17,14.591718633039898,14.382534835147489
2013-01-18,14.557090962807713,14.295177700944981
2013-01-19,14.722612719931705,14.525336939076139
2013-01-20,14.740871066781137,14.517950447250755
2013-01-21,15.226590312736095,14.994433084670327
2013-01-22,15.079279910524804,14.84571945137018
2013-01-23,14.858066253799965,14.657978191565828
2013-01-24,14.740929782084645,14.558618507744322
2013-01-25,14.853340359647566,14.636721703845307
2013-01-26,14.653749707558408,14.441394832284116
2013-01-27,15.155468343527874,14.922039176313554
2013-01-28,15.426689707564678,15.21056441989347
2013-01-29,15.391158242870757,15.205761008433258
2013-01-30,15.273263900221481,15.043597060024634
2013-01-31,15.032995794784965,14.820480127176356
2013-02-01,15.220081608218866,15.00617547789724
2013-02-02,14.670764151698835,14.465352016270966
2013-02-03,14.824645066934268,14.645790597451457
2013-02-04,15.096190265580496,14.909630745570455
2013-02-05,15.158163103644851,14.972731473774878
2013-02-06,14.654087103719807,14.467355441177027
2013-02-07,14.859067090070205,14.665089332231375
2013-02-08,14.789376523463607,14.574487332118956
2013-02-09,14.899884750973335,14.671734487911547
2013-02-10,15.033678156808023,14.856494503569463
2013-02-11,15.248048137777955,15.046930408187727
2013-02-12,15.193595450924844,15.002322121957995
2013-02-13,14.965073643207587,14.781827459362246
2013-02-14,15.005371191372669,14.818271027834806
2013-02-15,14.866556412899342,14.645433962858604
2013-02-16,15.02145464303897,14.829282366086435
2013-02-17,15.04911068936834,14.882859343279861
2013-02-18,15.31361728571799,15.156576046232246
2013-02-19,15.278372880659829,15.045489075313565
2013-02-20,15.037069428947545,14.840508770953255
2013-02-21,15.043044851499223,14.800039938304025
2013-02-22,15.078330889774165,14.8832139126063
2013-02-23,15.270897457270893,15.050940705821358
2013-02-24,15.505465014716671,15.304334228156314
2013-02-25,16.026881956588475,15.821130347679327
2013-02-26,15.726908630587944,15.547754402606914
2013-02-27,15.558913937798808,15.40085585617298
2013-02-28,15.28971675533031,15.08915337446565
2013-03-01,14.806501336110244,14.62950573017839
2013-03-02,12.541883735070385,12.374030325674108
2013-03-03,14.488192282405542,14.224831423078344
2013-03-04,14.161133958948298,13.938162167303508
2013-03-05,14.707701906452813,14.485418563556474
2013-03-06,14.993476757139609,14.779620354071483
2013-03-07,15.206216839733418,14.975978108547627
2013-03-08,15.102607745949674,14.858630302108386
2013-03-09,14.998271602172554,14.75587506122998
2013-03-10,15.071407806610733,14.872511676211394
2013-03-11,14.99189841089274,14.758801470140453
2013-03-12,15.11302616028592,14.864094621882135
2013-03-13,15.282318524329574,15.05765233217077
2013-03-14,15.716542625665735,15.494354040713448
2013-03-15,15.48887280733844,15.252207254435563
2013-03-16,15.094145989094597,14.831672644379136
2013-03-17,15.297410200796184,15.086814470212587
2013-03-18,15.334370238647844,15.135563447415759
2013-03-19,15.351395493129573,15.18402820034871
2013-03-20,15.423368460840411,15.276010642352947
2013-03-21,15.81098532632325,15.686815808341406
2013-03-22,15.703085118901122,15.610791981158231
2013-03-23,15.608853707508406,15.500640007907514
2013-03-24,15.442425690146633,15.34376125202226
2013-03-25,15.361861656623583,15.243424591374898
2013-03-26,15.561476183069166,15.462749272108205
2013-03-27,15.742984891182335,15.620763343231447
2013-03-28,15.907270408039988,15.795057815495152
2013-03-29,15.941559459418938,15.849485852885435
2013-03-30,16.084596856440946,15.939849632464187
2013-03-31,16.062056883022073,15.939849632464187
2013-04-01,16.084596856440946,15.939849632464187
2013-04-02,15.925725461339717,15.813565794956558
2013-04-03,15.983506614654422,15.865773610349429
2013-04-04,15.26727936148576,15.145224385004246
2013-04-05,14.938398273025703,14.78526335793519
2013-04-06,15.113846974240502,14.985448169616003
2013-04-07,14.888714525150162,14.770597332062543
2013-04-08,15.356857038207195,15.286019092545171
2013-04-09,15.272556485160779,15.162347381290141
2013-04-10,15.60924071411267,15.488439575687432
2013-04-11,15.2611950757325,15.149113186811684
2013-04-12,15.269968769361308,15.163841067948802
2013-04-13,15.466933196683982,15.361348691437792
2013-04-14,15.321029810322573,15.169682427046446
2013-04-15,15.45792114747025,15.322764397832671
2013-04-16,15.588294946984583,15.37487392145984
2013-04-17,15.907947360533557,15.70520249004761
2013-04-18,15.692949685059768,15.474396656119369
2013-04-19,15.585588991290821,15.353902008880944
2013-04-20,15.60928744250756,15.367772998295287
2013-04-21,15.659791157564007,15.429327424767772
2013-04-22,15.80233689961735,15.584834867220682
2013-04-23,15.985418074300613,15.748180299838905
2013-04-24,16.05180269676939,15.801588548428342
2013-04-25,16.02677872748253,15.790556276853788
2013-04-26,15.633001748502679,15.396599416416239
2013-04-27,15.674965449133294,15.445476032904732
2013-04-28,16.02371291504492,15.794316683655067
2013-04-29,16.084596856440946,15.939849632464187
2013-04-30,16.084596856440946,15.939849632464187
2013-05-01,16.084596856440946,15.939849632464187
2013-05-02,16.084596856440946,15.939849632464187
2013-05-03,15.91641402601244,15.688477838945355
2013-05-04,14.986498257100859,14.765858614847481
2013-05-05,15.178206657473266,14.999786777891284
2013-05-06,15.276825973180237,15.0347000047201
2013-05-07,15.140815657200871,14.940404066636244
2013-05-08,15.512624035099837,15.26660586203612
2013-05-09,15.576056595489487,15.351750858510204
2013-05-10,15.262017091149012,15.037039527001284
2013-05-11,15.29456744728742,15.023657241524578
2013-05-12,15.27367680090745,15.04631272065641
2013-05-13,15.355274571350503,15.11779527057824
2013-05-14,15.542229593451031,15.32313226181255
2013-05-15,15.674307367429352,15.451823491995949
2013-05-16,15.86031938202485,15.624059226514833
2013-05-17,15.69043965173094,15.46677024017675
2013-05-18,15.449861946401505,15.242315571542509
2013-05-19,15.505153139724644,15.27966611051898
2013-05-20,15.579738670260525,15.399092390392202
2013-05-21,15.455774195967123,15.223285424719577
2013-05-22,15.758197629910983,15.541375100330077
2013-05-23,16.031111912132207,15.782717682207577
2013-05-24,15.713135094042793,15.472314756572594
2013-05-25,15.435808474502055,15.180679135352465
2013-05-26,15.110124308168261,14.876594816881903
2013-05-27,15.29780282598635,15.060211982211193
2013-05-28,15.651929227811621,15.42042075374168
2013-05-29,15.81152165663226,15.580550243737147
2013-05-30,16.084596856440946,15.939849632464187
2013-05-31,16.084596856440946,15.939849632464187
2013-06-01,16.084596856440946,15.939849632464187
2013-06-02,16.084596856440946,15.939849632464187
2013-06-03,16.05749584289652,15.83385447848112
2013-06-04,15.501411192949973,15.273519427222466
2013-06-05,15.741357925772018,15.521197999784796
2013-06-06,15.554730888642071,15.34854406623114
2013-06-07,15.161896122055461,14.9097352518673
2013-06-08,15.10940459778217,14.879254324142805
2013-06-09,15.171380120801267,14.93736597996678
2013-06-10,15.314438905554514,15.091529238212738
2013-06-11,15.425717946275864,15.17740808174798
2013-06-12,15.790843737215122,15.57270937214884
2013-06-13,15.739151323322808,15.531108596082877
2013-06-14,15.398916062533013,15.195637099631567
2013-06-15,15.45766607835587,15.209232972658818
2013-06-16,15.572335209122118,15.330929535178827
2013-06-17,15.572557795280066,15.349641762817576
2013-06-18,15.707509946445207,15.512837027053406
2013-06-19,15.822024087602026,15.612449648099053
2013-06-20,15.772594289395451,15.523105104296613
2013-06-21,15.52503910559627,15.296375475434484
2013-06-22,15.448132816370189,15.22925012274422
2013-06-23,15.58102300642695,15.395570762418275
2013-06-24,15.472552312117891,15.3841733310304
2013-06-25,15.72192047251814,15.630813254288942
2013-06-26,15.992223891728427,15.930584127556749
2013-06-27,15.862971211794981,15.82544349608309
2013-06-28,15.65373291551367,15.614491572287276
2013-06-29,16.071634220083496,15.939849632464187
2013-06-30,15.813242948704133,15.782543326887783
2013-07-01,15.665517792011025,15.647810532498212
2013-07-02,15.790859020726675,15.75099820668338
2013-07-03,15.899775651341395,15.878492654357032
2013-07-04,14.740291719911284,14.694421688478219
2013-07-05,14.729441968828143,14.704255348073332
2013-07-06,14.712566860527197,14.66215127819646
2013-07-07,14.900096945279671,14.897652495332439
2013-07-08,14.760156330956978,14.712005752677115
2013-07-09,15.346949377953363,15.33998298822887
2013-07-10,15.16494787665898,15.149932196334102
2013-07-11,15.570834510841646,15.542922931287334
2013-07-12,15.616114418336723,15.588248756057903
2013-07-13,15.241338638534325,15.200663370265172
2013-07-14,15.315602962975193,15.301459663494464
2013-07-15,15.29421119573093,15.255182412020215
2013-07-16,15.299619095361914,15.235057040675771
2013-07-17,15.314118500061342,15.29155686914544
2013-07-18,15.65057444036022,15.634197141423394
2013-07-19,15.657763581039314,15.60073698493503
2013-07-20,15.240484103425645,15.196333548396664
2013-07-21,15.394011045493157,15.274520914137122
2013-07-22,15.594892304940338,15.431397230376694
2013-07-23,15.30543928380029,15.083120314011184
2013-07-24,15.8074186909651,15.594687746245171
2013-07-25,15.662824296468987,15.420597749723896
2013-07-26,15.75301947385194,15.528136126706189
2013-07-27,15.286596133961789,15.068139037416396
2013-07-28,15.610185343525078,15.408277124559408
2013-07-29,15.914539282165103,15.702453785369412
2013-07-30,15.85820768802381,15.771869650461385
2013-07-31,16.084596856440946,15.939849632464187
2013-08-01,16.084596856440946,15.939849632464187
2013-08-02,15.820055606112179,15.939849632464187
2013-08-03,15.53820637998655,15.867905792254804
2013-08-04,15.429326729817358,15.774161872541564
2013-08-05,14.618213395259605,14.935279527372527
2013-08-06,14.72908821678185,15.094358145369272
2013-08-07,14.785852345504358,15.033923005046613
2013-08-08,14.935587490706007,15.256138191801721
2013-08-09,14.770581936946082,15.04472678803321
2013-08-10,14.389938400923942,14.657396231712886
2013-08-11,14.54521988717073,14.857487706449128
2013-08-12,14.47460290441173,14.757967298398883
2013-08-13,14.744474725515508,14.999229761840922
2013-08-14,14.842082360883177,15.134790607705611
2013-08-15,15.114344473096326,15.404053323399824
2013-08-16,15.10175557968196,15.354744020961471
2013-08-17,14.935929660283128,15.233709959473561
2013-08-18,14.684968843687919,14.896380776130151
2013-08-19,14.870116683858122,15.115573985651038
2013-08-20,14.81985388057684,15.076346565893237
2013-08-21,14.811638830620524,15.094193828336602
2013-08-22,15.15608401740598,15.478550238309408
2013-08-23,15.055245590233659,15.361587195234756
2013-08-24,14.858324355912968,15.223516710511262
2013-08-25,14.920390311643672,15.188133448972014
2013-08-26,15.058503679404009,15.39348959433933
2013-08-27,14.916976624066582,15.189477001610648
2013-08-28,15.137042239491631,15.393643707594359
2013-08-29,15.669481721491733,15.925948324609116
2013-08-30,15.520102768962941,15.796209118889914
2013-08-31,15.733917548793393,15.93478393852202
2013-09-01,15.610430846535532,15.752428630636773
2013-09-02,15.4994547696379,15.605041043185519
2013-09-03,15.233047283921081,15.124328776005807
2013-09-04,15.502104114820277,15.385830086409285
2013-09-05,14.968895587386301,14.819726830186713
2013-09-06,14.81062774925875,14.677334992058826
2013-09-07,14.719113252043142,14.59842973358225
2013-09-08,14.932887095130573,14.775553746038506
2013-09-09,15.142911466522907,15.039284516055892
2013-09-10,15.493939309616595,15.370934596482881
2013-09-11,15.34946552817563,15.220560162280753
2013-09-12,15.167718064896206,15.069070003473312
2013-09-13,14.925580275565935,14.839226189189192
2013-09-14,15.114238582678494,15.006104213293005
2013-09-15,14.939910995489061,14.828236872502965
2013-09-16,15.183429199970119,15.065334973137839
2013-09-17,15.503782286425997,15.369124386414851
2013-09-18,15.310761267230353,15.199992715534767
2013-09-19,14.91257681213671,14.770711562502356
2013-09-20,15.014545414669374,14.929206799651842
2013-09-21,15.150397376065225,15.039087399280405
2013-09-22,14.992103491252962,14.907706995672873
2013-09-23,15.303087207566831,15.196215029723078
2013-09-24,15.35736712937626,15.214557357493163
2013-09-25,15.394796751716612,15.282533324690053
2013-09-26,15.231373551374482,15.140384776080891
2013-09-27,15.358076008538859,15.251120311963513
2013-09-28,15.766534888699056,15.647481196797024
2013-09-29,15.442273124170177,15.287958777885144
2013-09-30,15.567998259269109,15.448267998300253
2013-10-01,15.499894855699832,15.339739222779535
2013-10-02,15.500792274694822,15.352683118039165
2013-10-03,14.521876356367594,14.33009760470091
2013-10-04,14.884675302501426,14.64184666501391
2013-10-05,14.717281514235989,14.484797145209795
2013-10-06,14.87164500973928,14.590610863265365
2013-10-07,14.550049314801983,14.331261237707034
2013-10-08,14.9083635805185,14.692945494414573
2013-10-09,15.075278074378122,14.853299548831183
2013-10-10,15.20637504513128,14.999479872882587
2013-10-11,14.477344228082304,14.25779851947701
2013-10-12,14.969506896292932,14.7566163183503
2013-10-13,15.12908700842407,14.896212224764602
2013-10-14,14.946135532078461,14.690156786317035
2013-10-15,15.21729857756471,15.00378667332059
2013-10-16,15.384340725841623,15.187782999853281
2013-10-17,15.023997155779478,14.813884866137501
2013-10-18,14.990730600061116,14.755640808891865
2013-10-19,15.032394414789183,14.834114606698162
2013-10-20,14.876241309449219,14.649353783619993
2013-10-21,15.042220429901935,14.827607870052045
2013-10-22,15.184672465648662,14.97530855649967
2013-10-23,15.403747248404429,15.166573533571295
2013-10-24,15.281967584177906,15.040177500895592
2013-10-25,15.069334369281153,14.824696771148977
2013-10-26,14.888328162567605,14.662054146817354
2013-10-27,14.89722720914406,14.676462767696428
2013-10-28,14.989786976154436,14.766499561381865
2013-10-29,15.604258995248717,15.391011747069696
2013-10-30,15.755806766876168,15.531709516255768
2013-10-31,15.546996051496524,15.325308121127653
2013-11-01,15.388975452648546,15.14547444358513
2013-11-02,15.398928982448112,15.169895583351956
2013-11-03,14.652997257356592,14.454503207331433
2013-11-04,14.785779174486729,14.571041264326412
2013-11-05,15.076799224901118,14.85157341793815
2013-11-06,14.707774443076797,14.45233232528997
2013-11-07,14.578751951312134,14.37831290342816
2013-11-08,14.604068831418465,14.398120401776438
2013-11-09,14.518079053235397,14.28214384523285
2013-11-10,14.816958270831455,14.55729731040282
2013-11-11,15.067121485972901,14.799953091458594
2013-11-12,15.456919614969951,15.196558146313105
2013-11-13,15.359078770301778,15.102794021312375
2013-11-14,14.952992773908518,14.715748945591473
2013-11-15,15.030664406791685,14.815803774314368
2013-11-16,15.029203306210308,14.821247480927685
2013-11-17,14.697843660728369,14.46062388428032
2013-11-18,14.561802977004218,14.391230467076245
2013-11-19,14.990361812319957,14.825665821560563
2013-11-20,15.01581122423658,14.90873945883454
2013-11-21,14.7691877833774,14.675184778554529
2013-11-22,14.751707300025707,14.74859815730227
2013-11-23,14.535461082927695,14.514511809962372
2013-11-24,14.739653520227227,14.746877340922104
2013-11-25,14.693614312276354,14.673340581321934
2013-11-26,14.949234484857923,14.941652335546324
2013-11-27,14.954436420728877,14.923212932993877
2013-11-28,15.090882978442341,15.07254803486065
2013-11-29,14.385392570276165,14.388647983692785
2013-11-30,14.803443939294192,14.798347652662127
2013-12-01,14.687514587644381,14.699459511428548
2013-12-02,14.632532294253258,14.615935389802612
2013-12-03,14.47475884374156,14.459878948540101
2013-12-04,14.888668335287521,14.872452808597076
2013-12-05,14.618220300705492,14.625057831689636
2013-12-06,14.35687074465568,14.371982265598012
2013-12-07,14.183053234586678,14.15793693346735
2013-12-08,14.354786008120286,14.332538358407582
2013-12-09,14.488152230265081,14.472100999438991
2013-12-10,14.629199073240384,14.603254732253621
2013-12-11,14.919640479792486,14.922165795231576
2013-12-12,14.910306530419142,14.89615986395192
2013-12-13,14.5723549480459,14.549643628412895
2013-12-14,14.624554494050068,14.65090796515947
2013-12-15,14.583160478104169,14.555079896416654
2013-12-16,14.80661114475766,14.816165651238052
2013-12-17,14.968425348643027,14.921313617624666
2013-12-18,14.97538549545453,14.984762890563431
2013-12-19,14.934759828372448,14.908041952078683
2013-12-20,14.73209912548099,14.73832373636194
2013-12-21,14.98282309264201,14.966068325967756
2013-12-22,15.061458059553315,15.05637178661727
2013-12-23,14.891420971375565,14.865168467480409
2013-12-24,14.782413610015665,14.748571795484574
2013-12-25,15.152579338134604,15.127002140223542
2013-12-26,15.002936033276512,15.00004417362221
2013-12-27,14.432571928661433,14.433199623029338
2013-12-28,15.081707784214357,15.06478390767341
2013-12-29,15.689866970028104,15.688315395110962
2013-12-30,15.572160064647761,15.555135508899706
2013-12-31,15.647686914067561,15.620571045149148
2014-01-01,15.563621207631007,15.531668637111641
2014-01-02,15.147309529774146,15.114702177920956
2014-01-03,14.671980624762151,14.442329034631921
2014-01-04,14.623594531917751,14.373767068214503
2014-01-05,14.67496317763761,14.431481909922915
2014-01-06,14.785987865248874,14.579328989410815
2014-01-07,15.050146328504699,14.848486104893489
2014-01-08,14.626672182959082,14.408072005427444
2014-01-09,14.61043567540349,14.448991159513184
2014-01-10,14.45016051063727,14.260676424242082
2014-01-11,14.751934423295744,14.52446560817457
2014-01-12,14.591495132805333,14.388403143579922
2014-01-13,14.718805416104027,14.504300178133397
2014-01-14,15.02654772779811,14.820534891281122
2014-01-15,15.106886835400108,14.860123237335626
2014-01-16,14.511539287870287,14.307427184148088
2014-01-17,14.717483623483908,14.509729763699841
2014-01-18,14.356815317616402,14.102311229596449
2014-01-19,14.712872440207335,14.467297573174351
2014-01-20,14.957738046918777,14.700453865325327
2014-01-21,15.093857421182573,14.862339207484085
2014-01-22,14.992581241483343,14.75689436077124
2014-01-23,14.974845600104338,14.743088006538038
2014-01-24,14.409948277705139,14.150467618714625
2014-01-25,14.613802913998013,14.390506879604153
2014-01-26,14.509924351031817,14.256244787087631
2014-01-27,14.908705301533052,14.674358257145435
2014-01-28,15.503962515641618,15.278962769555768
2014-01-29,15.4031290201213,15.183877845037866
2014-01-30,15.162090987518678,14.91651922635287
2014-01-31,15.132476435035617,14.893315926202636
2014-02-01,15.157094026237436,14.930466947828435
2014-02-02,14.68357494649216,14.44946773121861
2014-02-03,14.534039835316939,14.262555971402362
2014-02-04,14.8405166859861,14.602881059729839
2014-02-05,14.770762954056817,14.518242616468994
2014-02-06,14.697588829145893,14.491588840183725
2014-02-07,15.033944729833252,14.79182410425217
2014-02-08,14.882859711273245,14.660569979200554
2014-02-09,14.896617813643765,14.695223758161232
2014-02-10,15.125346150588012,14.835282915888142
2014-02-11,15.349611074197137,15.110108347326658
2014-02-12,15.056010982128582,14.819385482737696
2014-02-13,14.975600099365552,14.771551278285443
2014-02-14,14.78343996457532,14.537652959653663
2014-02-15,14.870887671900183,14.583493926535828
2014-02-16,15.19936825783488,14.985055727084438
2014-02-17,15.139329135706188,14.915862113230958
2014-02-18,15.405312204663343,15.176499421280514
2014-02-19,15.312803847972159,15.077067081008549
2014-02-20,14.930664820634451,14.71243373164596
2014-02-21,15.037632175731012,14.820781374983143
2014-02-22,15.26528305164594,15.039896703062945
2014-02-23,15.201165644791889,14.974385021596422
2014-02-24,15.372204102660307,15.159548907269086
2014-02-25,15.742558220738033,15.533352833249543
2014-02-26,15.865296614191395,15.633121066108734
2014-02-27,15.595937856671675,15.366856330889906
2014-02-28,15.522292520485594,15.322136165292534
2014-03-01,15.297133391902989,15.099737159682745
2014-03-02,15.413554470616516,15.193886400202368
2014-03-03,15.106713016955535,14.873974940835488
2014-03-04,15.37201399632768,15.162609195218648
2014-03-05,15.485142394301306,15.289511615533183
2014-03-06,15.521482470120427,15.309467162981967
2014-03-07,14.96855483715574,14.764147512349865
2014-03-08,15.090221176478751,14.885353794222995
2014-03-09,15.15792575095893,14.9373397171924
2014-03-10,15.368385881842812,15.139739146183185
2014-03-11,15.56904978233703,15.332819119988198
2014-03-12,15.751416766915183,15.526546592321044
2014-03-13,15.484140531530745,15.261127342820352
2014-03-14,15.329496568551955,15.10967520847149
2014-03-15,15.361239079570582,15.135789569305144
2014-03-16,15.529969672495865,15.303210330619008
2014-03-17,15.706176502264803,15.503128723548944
2014-03-18,15.557304186435939,15.353985123799863
2014-03-19,15.801051226300755,15.631475812358367
2014-03-20,15.681083490268223,15.500966772851557
2014-03-21,15.321085117876741,15.172220014851966
2014-03-22,15.359327285525206,15.294916602146404
2014-03-23,15.471757244338574,15.368862145665473
2014-03-24,15.523234410958862,15.45173347387477
2014-03-25,15.741037979126158,15.647926504015286
2014-03-26,15.890701100687746,15.812512302495852
2014-03-27,15.935395198792579,15.843674001193733
2014-03-28,15.564251383957664,15.466892963001865
2014-03-29,15.740799594398519,15.656505013048845
2014-03-30,16.084596856440946,15.939849632464187
2014-03-31,16.084596856440946,15.939849632464187
2014-04-01,16.084596856440946,15.939849632464187
2014-04-02,16.084596856440946,15.939849632464187
2014-04-03,16.081687937688393,15.939849632464187
2014-04-04,14.923101758616266,14.831588016755886
2014-04-05,15.336906678349806,15.268941887113872
2014-04-06,15.373514983026352,15.300864760113914
2014-04-07,15.344782466290813,15.268481718879853
2014-04-08,15.670687770492998,15.57451003231337
2014-04-09,15.630178727605902,15.535549976043477
2014-04-10,15.464859468327214,15.371320849378638
2014-04-11,15.445920131754942,15.331165359430702
2014-04-12,15.553759847504839,15.47342991263238
2014-04-13,15.413969699642138,15.318412319507734
2014-04-14,15.75014228548714,15.616317105351088
2014-04-15,15.878768436515418,15.72890393353428
2014-04-16,15.883999710598287,15.730278020066065
2014-04-17,15.530704840095652,15.370976446152273
2014-04-18,15.55603649768549,15.311191113064645
2014-04-19,15.706354748685381,15.492748112670414
2014-04-20,15.674677762570148,15.437900005999055
2014-04-21,15.945477998221302,15.746109470282791
2014-04-22,16.084596856440946,15.908574303437907
2014-04-23,15.918552144868357,15.698577925207811
2014-04-24,15.726689002487971,15.506951575237087
2014-04-25,15.802991776798619,15.586799263542758
2014-04-26,15.826911889409864,15.587753370202742
2014-04-27,16.014933362982223,15.769976650324551
2014-04-28,16.084596856440946,15.939849632464187
2014-04-29,16.084596856440946,15.939849632464187
2014-04-30,16.084596856440946,15.939849632464187
2014-05-01,16.084596856440946,15.939849632464187
2014-05-02,16.01687772403011,15.800300264458402
2014-05-03,15.92136328586001,15.699091951312893
2014-05-04,14.87574723920997,14.645660639111183
2014-05-05,15.262691854728613,15.038407692231457
2014-05-06,15.450803840870057,15.233892683424987
2014-05-07,15.636023489053116,15.427404100868397
2014-05-08,15.739174453900281,15.506518337523923
2014-05-09,15.175691371506161,14.969947124427001
2014-05-10,15.515952787813825,15.28370102430872
2014-05-11,15.600722029101966,15.387717806822248
2014-05-12,15.635501008139782,15.39989126845338
2014-05-13,15.665072641083453,15.449505142041877
2014-05-14,16.007518130364737,15.794977440299858
2014-05-15,15.833233627760514,15.60228837098897
2014-05-16,15.797085178410175,15.578335975653417
2014-05-17,15.683264890309006,15.459014648655689
2014-05-18,15.830796193300163,15.61025322802061
2014-05-19,15.720215933891804,15.497063760192985
2014-05-20,15.76113652092826,15.532134276799042
2014-05-21,16.03827343897382,15.79751679774153
2014-05-22,15.976839734008687,15.759216835993191
2014-05-23,15.684464391415151,15.448139263138726
2014-05-24,15.542711121847,15.327451076985314
2014-05-25,15.874078811670284,15.64882191047896
2014-05-26,15.789082093106733,15.56485672902531
2014-05-27,16.084596856440946,15.939849632464187
2014-05-28,16.084596856440946,15.939849632464187
2014-05-29,16.084596856440946,15.939849632464187
2014-05-30,16.084596856440946,15.939849632464187
2014-05-31,16.084596856440946,15.939849632464187
2014-06-01,16.084596856440946,15.939849632464187
2014-06-02,16.084596856440946,15.904525359414912
2014-06-03,15.821568220079754,15.570761350607714
2014-06-04,15.67539454376826,15.466881195029488
2014-06-05,15.363341549784408,15.161903620385072
2014-06-06,15.309706282552542,15.061158517565307
2014-06-07,15.481654937792579,15.237605948026802
2014-06-08,15.551137043889321,15.331949881408168
2014-06-09,15.563968864851343,15.353550590624625
2014-06-10,15.916729787478419,15.725251235803748
2014-06-11,15.734649865871747,15.504892770153088
2014-06-12,15.639813088927145,15.410906278689463
2014-06-13,15.574809087336961,15.36079405468287
2014-06-14,15.633482050746677,15.402152525995193
2014-06-15,15.648410310253412,15.425221167213218
2014-06-16,15.831302579228272,15.60625678570317
2014-06-17,15.893184836454036,15.66620380386486
2014-06-18,15.751102020588975,15.533511143074646
2014-06-19,15.456525165421237,15.2267718525817
2014-06-20,15.560694788762845,15.35234856853481
2014-06-21,15.52657898022562,15.296539126229897
2014-06-22,15.742826735604522,15.511023454942743
2014-06-23,15.833196341693714,15.626388167012424
2014-06-24,15.934022844821987,15.78479963201303
2014-06-25,15.82567728796933,15.710167835875158
2014-06-26,15.51396613195251,15.456554089102555
2014-06-27,15.642531513903702,15.597573921521201
2014-06-28,15.720001884135092,15.68575480654089
2014-06-29,16.084596856440946,15.939849632464187
2014-06-30,16.00836843735953,15.939849632464187
2014-07-01,16.084596856440946,15.939849632464187
2014-07-02,15.899599458921625,15.873454593977696
2014-07-03,15.7024479467355,15.652930433696408
2014-07-04,14.246866435383033,14.251818743602946
2014-07-05,14.625377097566044,14.551845668011754
2014-07-06,14.911512265361742,14.89753762233977
2014-07-07,15.015789336771528,14.990399057646872
2014-07-08,15.294838185961238,15.284463248419573
2014-07-09,15.442682380943463,15.425455213982154
2014-07-10,15.478934491740446,15.462974063911362
2014-07-11,15.118625882017351,15.109982328564076
2014-07-12,15.106161346210547,15.064885677030109
2014-07-13,15.328037573730121,15.310972613480994
2014-07-14,15.245945117471745,15.225015502304014
2014-07-15,15.369417971726387,15.359976639395642
2014-07-16,15.560388292811764,15.554028747238599
2014-07-17,15.515723277293482,15.497972075552939
2014-07-18,15.323632280972392,15.307751229630657
2014-07-19,15.251468406557667,15.142769850133925
2014-07-20,15.27937377314977,15.096714003192167
2014-07-21,15.383428359334795,15.142084877074524
2014-07-22,15.641367826499073,15.42725219678187
2014-07-23,15.839179336082541,15.598948415089726
2014-07-24,15.591414335786807,15.357618121868235
2014-07-25,15.305513803549793,15.088380549999615
2014-07-26,15.399808812698227,15.160622974372945
2014-07-27,15.362029748144646,15.131565761483774
2014-07-28,15.548907827916869,15.336696295573761
2014-07-29,15.934886178483882,15.713707958729163
2014-07-30,16.084596856440946,15.888746078319212
2014-07-31,16.084596856440946,15.939849632464187
2014-08-01,16.084596856440946,15.927709861066043
2014-08-02,16.060210822166432,15.828607428398987
2014-08-03,15.933167015085104,15.704651694831965
2014-08-04,15.884969062031082,15.648642407822358
2014-08-05,15.380702232342294,15.16763160117304
2014-08-06,15.567900647255355,15.304792822321843
2014-08-07,15.289887103388285,15.054300653248658
2014-08-08,14.835087319637617,14.613354742106585
2014-08-09,14.914636258147468,14.671861934173503
2014-08-10,15.15667320050927,14.915165226499008
2014-08-11,15.281605824448956,15.074943353626868
2014-08-12,15.418602056448242,15.189427238174071
2014-08-13,15.589379218505762,15.364849192689556
2014-08-14,15.434729002678164,15.19846011897182
2014-08-15,15.417832942970485,15.173120421951497
2014-08-16,15.246572020626092,15.01334015638124
2014-08-17,15.331361531161777,15.087862609948562
2014-08-18,15.164336391756327,14.925014852782047
2014-08-19,15.518776634377737,15.281025941574567
2014-08-20,15.648555584650682,15.425616231396365
2014-08-21,15.505677946500171,15.267824091173154
2014-08-22,15.196877031968766,14.985384730850761
2014-08-23,15.097810259109528,14.853736900497308
2014-08-24,15.19554133120965,14.981345203683253
2014-08-25,15.42135596908611,15.184433098980856
2014-08-26,15.486185047990496,15.239018291954254
2014-08-27,15.879891956596085,15.650808769608823
2014-08-28,16.084596856440946,15.939849632464187
2014-08-29,16.084596856440946,15.939849632464187
2014-08-30,16.084596856440946,15.939849632464187
2014-08-31,16.084596856440946,15.939849632464187
2014-09-01,16.084596856440946,15.939849632464187
2014-09-02,14.499069023380208,14.345580011751855
2014-09-03,14.515345743874533,14.394204043831401
2014-09-04,14.547664784621551,14.435114363109605
2014-09-05,14.91736768311839,14.790111532957159
2014-09-06,14.790680076099864,14.682318889528837
2014-09-07,14.996407774036012,14.821208558053783
2014-09-08,15.147678230212392,14.989434352106382
2014-09-09,14.930945410496149,14.784885694829285
2014-09-10,14.821354632627067,14.667512410071192
2014-09-11,15.097382230195976,14.935053579208525
2014-09-12,15.035727456688367,14.894395825477988
2014-09-13,15.317001697703526,15.17193883463628
2014-09-14,15.35551179473063,15.260467403048894
2014-09-15,15.049353593702559,14.91050168145389
2014-09-16,15.06799346724672,14.94519375748843
2014-09-17,14.585425677684027,14.452802401193537
2014-09-18,14.99281555423498,14.854837500710486
2014-09-19,14.963581695119125,14.845349879536117
2014-09-20,15.185335428510884,15.070776747927756
2014-09-21,15.419670361656767,15.313563716511782
2014-09-22,15.361157070629448,15.22570965796891
2014-09-23,14.999406577656341,14.897610471315694
2014-09-24,15.11056370803705,14.97675105365628
2014-09-25,15.199787219897516,15.072028086412828
2014-09-26,15.38459362508027,15.28908761468024
2014-09-27,15.594229889632304,15.445681983893365
2014-09-28,15.746304529684922,15.624458392241605
2014-09-29,15.665282699660564,15.499297466075022
2014-09-30,15.542856463580575,15.423370956777791
2014-10-01,15.23404473342215,15.029743189798802
2014-10-02,14.588402535672975,14.309238544607211
2014-10-03,14.813703650669273,14.608361357570356
2014-10-04,14.934256974531722,14.68404924203969
2014-10-05,15.072542689173961,14.809891570920842
2014-10-06,15.338290973331313,15.127660677041929
2014-10-07,15.157480015284598,14.923976753695014
2014-10-08,15.009052190291465,14.769235184505012
2014-10-09,14.723868746242637,14.482981035375532
2014-10-10,15.016883580784965,14.777358569100436
2014-10-11,14.993941960079825,14.71379202007492
2014-10-12,15.192969907556103,14.998433210278563
2014-10-13,15.475202920073562,15.239892661341313
2014-10-14,15.493321112516183,15.260612804575251
2014-10-15,14.970774009805426,14.73861915528419
2014-10-16,14.925865039787855,14.667165961881896
2014-10-17,14.927989012138974,14.693202268514728
2014-10-18,15.008190630740268,14.786831048142323
2014-10-19,15.178141116836894,14.946114944906125
2014-10-20,15.298641394869584,15.086199281487659
2014-10-21,15.240657999765062,15.01980905724585
2014-10-22,14.973987141826717,14.779571078363556
2014-10-23,15.03868178061832,14.809433550101033
2014-10-24,14.883878660702424,14.688150364330157
2014-10-25,15.126566558281857,14.931557394462583
2014-10-26,15.019274332444994,14.779006091317603
2014-10-27,15.473285415689169,15.239055081399892
2014-10-28,15.627478634159113,15.411574856953802
2014-10-29,15.63865198039956,15.414799992355348
2014-10-30,15.64815454615789,15.40372268481267
2014-10-31,15.36044851705039,15.133043595787862
2014-11-01,15.313865727313893,15.057914357929453
2014-11-02,15.069390219868263,14.83045651238032
2014-11-03,14.736253910195202,14.47094641646685
2014-11-04,14.380127425343263,14.161230035330137
2014-11-05,14.548077028113742,14.315991032726668
2014-11-06,14.665055286537287,14.411886242517276
2014-11-07,14.687272287011917,14.465125595700767
2014-11-08,14.77240412050404,14.537311019254396
2014-11-09,15.175711040804442,14.896748028221742
2014-11-10,15.090535650522016,14.899308318061019
2014-11-11,14.998835506929408,14.74935402724513
2014-11-12,14.804299926277265,14.572127443368599
2014-11-13,15.113429727066912,14.905241571269041
2014-11-14,15.227697703862612,14.980655777611803
2014-11-15,15.019244838845754,14.796435965103043
2014-11-16,15.18331149500733,14.967695692034836
2014-11-17,15.176981668273493,14.958261061211603
2014-11-18,14.64838542379087,14.3908552639289
2014-11-19,14.676430320391054,14.527181744811273
2014-11-20,14.813218218376255,14.676064055761593
2014-11-21,14.787322157631413,14.719722542593248
2014-11-22,14.67240817715324,14.679709150143124
2014-11-23,14.80979269256229,14.820882875799295
2014-11-24,14.912405412686628,14.910658462577846
2014-11-25,14.484007374416368,14.489121686493696
2014-11-26,14.91583303010131,14.937509380657092
2014-11-27,15.337850752226906,15.33114058758063
2014-11-28,15.151515654700285,15.14430562303283
2014-11-29,15.122199963083382,15.127803550094278
2014-11-30,15.242076522166837,15.23601311457316
2014-12-01,15.007494093374847,15.030732598705137
2014-12-02,14.464428529368355,14.475115866983469
2014-12-03,14.360770048501124,14.30987842881936
2014-12-04,14.214403255018885,14.135596352905452
2014-12-05,14.433834596851577,14.411389199886395
2014-12-06,14.731190287214337,14.714554662070562
2014-12-07,14.60810924934905,14.610747159982129
2014-12-08,14.924022559042744,14.893334158137614
2014-12-09,14.999046362222165,14.936874969559836
2014-12-10,14.793783991399897,14.755396633332117
2014-12-11,14.7314140268618,14.723721508136858
2014-12-12,14.712122053649253,14.669095626656704
2014-12-13,14.777990867793896,14.792144931007028
2014-12-14,14.869282086290514,14.853016735585278
2014-12-15,15.117093464335493,15.102695571321908
2014-12-16,15.092873421162993,15.054579654778772
2014-12-17,14.897507167617448,14.884243732029645
2014-12-18,14.803188645325713,14.776751703018903
2014-12-19,15.046395831126759,15.058346066173511
2014-12-20,15.176146537726732,15.141015890472424
2014-12-21,15.290760768735899,15.270893621645838
2014-12-22,15.048238548514998,15.049559028992554
2014-12-23,14.842114726706527,14.795720341644488
2014-12-24,14.774921252566116,14.767791189529984
2014-12-25,14.76087307253433,14.765049143233272
2014-12-26,14.887949390634436,14.87248615227877
2014-12-27,15.089555384084955,15.079094685952255
2014-12-28,15.953745187578823,15.939849632464187
2014-12-29,15.770499624356008,15.748209863983202
2014-12-30,15.557404470996111,15.518231850358118
2014-12-31,15.542783049615254,15.525369274143308
2015-01-01,15.33643658930623,15.277619275250526
2015-01-02,14.301277607834223,14.063780664775182
2015-01-03,13.977896327596667,13.68378092405437
2015-01-04,14.79059882425264,14.589879177374971
2015-01-05,14.71467156627023,14.473450161955395
2015-01-06,14.298729985073058,14.078939370983448
2015-01-07,14.499318801082005,14.260579357162358
2015-01-08,14.091959132781405,13.871645643938377
2015-01-09,14.578604794632199,14.334254891823004
2015-01-10,14.420224380088928,14.1419233605665
2015-01-11,14.995528062592872,14.772734531930444
2015-01-12,14.702565165010927,14.458937380108232
2015-01-13,14.57572285107735,14.370733218803686
2015-01-14,14.857713998856413,14.60007723670579
2015-01-15,14.532342062474598,14.3052143398931
2015-01-16,14.759110744776573,14.523860439618016
2015-01-17,14.766666848443418,14.52612465978942
2015-01-18,14.921198984941997,14.704917784995384
2015-01-19,14.863428208102372,14.630199434890349
2015-01-20,14.713805178848629,14.48719831329601
2015-01-21,14.772504699407767,14.51829838776762
2015-01-22,14.802641492358212,14.599673715970537
2015-01-23,14.809970389866374,14.580763898030153
2015-01-24,15.202956960229859,14.973010820956967
2015-01-25,15.355737019310357,15.136558622199088
2015-01-26,15.22267758153162,14.981476557651767
2015-01-27,14.952106519325493,14.713895440680696
2015-01-28,15.34421019303899,15.09751864011633
2015-01-29,15.483238308491996,15.273137476370424
2015-01-30,15.282532715876705,15.05607792435613
2015-01-31,15.24961893316456,15.00011236003054
2015-02-01,15.420378518054841,15.217673686537045
2015-02-02,14.88072299322301,14.65938651172998
2015-02-03,14.391819656883126,14.17155865247395
2015-02-04,14.730492489733102,14.571202623689583
2015-02-05,14.73194217591352,14.540431580897685
2015-02-06,15.055997309686818,14.808606441046576
2015-02-07,15.088324845518537,14.898209461021311
2015-02-08,15.249900372950647,15.055366079760278
2015-02-09,15.317405272198929,15.117285391221749
2015-02-10,14.850070927085053,14.625341392303968
2015-02-11,15.0128339941599,14.779872582348201
2015-02-12,15.059129645452652,14.844119432576383
2015-02-13,15.242191056232395,15.05643309872679
2015-02-14,15.277010512916469,15.080200324313745
2015-02-15,15.375175176014768,15.182910024573893
2015-02-16,15.387854862631535,15.198873717306613
2015-02-17,15.27253400547735,15.078860087690044
2015-02-18,14.981597066885406,14.803205229961963
2015-02-19,15.14887239241552,14.9499085611579
2015-02-20,15.375829158565793,15.187220658895551
2015-02-21,15.289939433452147,15.08099800580216
2015-02-22,15.570711020021365,15.385160347498624
2015-02-23,15.811624970199285,15.601632938621266
2015-02-24,15.51536331850384,15.308475274776866
2015-02-25,15.955835964324798,15.773324998934003
2015-02-26,15.691663490434108,15.499481870901764
2015-02-27,15.36209739512287,15.175576617238931
2015-02-28,15.17566964116492,15.005607518503057
2015-03-01,15.344307491629705,15.139993760642732
2015-03-02,14.001256793844721,13.812234357074187
2015-03-03,14.904435784854204,14.711693606577409
2015-03-04,15.001899487122083,14.747713512254892
2015-03-05,15.103027967464653,14.851830579443046
2015-03-06,15.232988524404394,15.01940685536363
2015-03-07,15.110991457869451,14.896009713137467
2015-03-08,15.118169517072811,14.881530806138068
2015-03-09,15.324222354855305,15.099300709187299
2015-03-10,15.433329636102146,15.19703431532793
2015-03-11,15.62347498146655,15.410502173318736
2015-03-12,15.39855761921679,15.140046782426197
2015-03-13,15.061096659967525,14.813301701314574
2015-03-14,15.365471341709803,15.11600865808744
2015-03-15,15.43306280991977,15.203842474357836
2015-03-16,15.53879143415583,15.302321499306606
2015-03-17,15.554614883101266,15.346750645880887
2015-03-18,15.731520359543824,15.535335212789107
2015-03-19,15.609331577403346,15.435644715067857
2015-03-20,15.40227679114589,15.231879580965689
2015-03-21,15.334207611528726,15.202377032895843
2015-03-22,15.477736916489345,15.367620898957968
2015-03-23,15.458890850707222,15.355185333761947
2015-03-24,15.638077213308783,15.549332086659204
2015-03-25,15.727043813322746,15.617696223351496
2015-03-26,15.759102660997073,15.638564094834294
2015-03-27,15.426525679949224,15.323161614936918
2015-03-28,15.597556035442208,15.482553312796487
2015-03-29,15.621814031875562,15.50767332620229
2015-03-30,16.084596856440946,15.939849632464187
2015-03-31,16.084596856440946,15.939849632464187
2015-04-01,16.084596856440946,15.939849632464187
2015-04-02,16.084596856440946,15.939849632464187
2015-04-03,16.084596856440946,15.939849632464187
2015-04-04,15.254021470763506,15.159864437311018
2015-04-05,15.330469530618315,15.216790386493239
2015-04-06,15.598456779365154,15.520550600308392
2015-04-07,15.75709308923241,15.626367714900502
2015-04-08,15.750441957639609,15.622520004599378
2015-04-09,15.489787403282818,15.348191755266265
2015-04-10,15.480637241508955,15.37473014328957
2015-04-11,15.79285198947201,15.71656945115544
2015-04-12,15.752977228108858,15.635795039593818
2015-04-13,15.896057937979451,15.789407269779241
2015-04-14,16.084596856440946,15.939849632464187
2015-04-15,15.951361077518733,15.80116876736463
2015-04-16,15.611508825778763,15.431666052833684
2015-04-17,15.684461617367269,15.482204986981648
2015-04-18,15.82140351888646,15.563995078722257
2015-04-19,15.740353219181618,15.496603829783336
2015-04-20,16.006367596597855,15.754660022147156
2015-04-21,16.084596856440946,15.939849632464187
2015-04-22,16.02377256921237,15.791898081696415
2015-04-23,15.836925112379923,15.597068511561572
2015-04-24,15.699317569165363,15.453168534210933
2015-04-25,16.084596856440946,15.862085770561256
2015-04-26,15.953958756790755,15.731016390517295
2015-04-27,16.084596856440946,15.939849632464187
2015-04-28,16.084596856440946,15.939849632464187
2015-04-29,16.084596856440946,15.939849632464187
2015-04-30,16.084596856440946,15.939849632464187
2015-05-01,16.084596856440946,15.939849632464187
2015-05-02,16.007322255395902,15.761883619858905
2015-05-03,15.882670849119675,15.660088871669712
2015-05-04,15.217588005800781,14.98503384844171
2015-05-05,15.423619483686615,15.175410785915838
2015-05-06,15.592521469940385,15.367548424544232
2015-05-07,15.67454637985898,15.437342081337093
2015-05-08,15.353273834049505,15.085648385580708
2015-05-09,15.245497486365258,15.000291426623932
2015-05-10,15.451736069410442,15.189196121236966
2015-05-11,15.72358905838362,15.495258805648694
2015-05-12,15.743707439290755,15.513864150717586
2015-05-13,15.952304464049432,15.725362533476256
2015-05-14,15.940542236086687,15.697515690318557
2015-05-15,15.68022676550202,15.445349105126972
2015-05-16,15.673214565674096,15.452657491003617
2015-05-17,15.70159613811117,15.45808870601318
2015-05-18,15.768440819694987,15.557285490043373
2015-05-19,15.91565949765885,15.700219130939903
2015-05-20,16.084596856440946,15.939849632464187
2015-05-21,16.075746484654637,15.84755574704288
2015-05-22,15.739737392482155,15.525146704177953
2015-05-23,15.568135689375257,15.363045191823701
2015-05-24,15.864401118618442,15.626305325853451
2015-05-25,15.7099638834724,15.516564612000888
2015-05-26,15.796521415752299,15.565367021506656
2015-05-27,16.084596856440946,15.939849632464187
2015-05-28,16.084596856440946,15.939849632464187
2015-05-29,15.822838470350572,15.60894204359352
2015-05-30,16.084596856440946,15.939849632464187
2015-05-31,16.084596856440946,15.939849632464187
2015-06-01,16.084596856440946,15.939849632464187
2015-06-02,16.084596856440946,15.922217570326433
2015-06-03,16.084596856440946,15.939849632464187
2015-06-04,15.29469679077349,15.099790809071102
2015-06-05,15.360818650797617,15.114773920083843
2015-06-06,15.320597735851065,15.119273152730932
2015-06-07,15.371015587993119,15.10661834514032
2015-06-08,15.60693299040181,15.377235609129734
2015-06-09,15.782503939760788,15.563244129609945
2015-06-10,15.766184094056655,15.508788794911348
2015-06-11,15.459173375256446,15.247858406252483
2015-06-12,15.664133407143689,15.404849712779939
2015-06-13,15.4423806374311,15.179950120774734
2015-06-14,15.797584864927313,15.546373156965492
2015-06-15,15.787615006844083,15.551940639076346
2015-06-16,15.88296674765182,15.653410144993359
2015-06-17,15.95277869298019,15.728878207276388
2015-06-18,15.696726397747675,15.459242173439323
2015-06-19,15.483394979731454,15.23811052204481
2015-06-20,15.557664957827832,15.295105968300264
2015-06-21,15.565655807486221,15.329937864717241
2015-06-22,15.906277938260498,15.685168895406447
2015-06-23,15.89677747762756,15.694934417450154
2015-06-24,15.90820088066413,15.73953528443897
2015-06-25,15.671092481077428,15.514985855238034
2015-06-26,15.571900030637636,15.45734937760349
2015-06-27,15.591801465152011,15.566753916440419
2015-06-28,15.768270310547233,15.725859331800603
2015-06-29,16.084596856440946,15.939849632464187
2015-06-30,16.084596856440946,15.939849632464187
2015-07-01,16.067218589933642,15.939849632464187
2015-07-02,15.961760935026241,15.914115816998441
2015-07-03,15.61522497916156,15.584879811675464
2015-07-04,13.984679691257409,13.881323185833034
2015-07-05,14.90277456106236,14.849005580276325
2015-07-06,14.728154877751157,14.706304889497217
2015-07-07,15.247019011008126,15.18857512501506
2015-07-08,15.281874055639225,15.263904438586433
2015-07-09,15.609169964501177,15.565895051681265
2015-07-10,15.185814051442847,15.137504478936398
2015-07-11,15.193083969407187,15.166129406075987
2015-07-12,15.307073267244698,15.27618023817608
2015-07-13,15.203832866408272,15.171118595604385
2015-07-14,15.328803894982832,15.303309867084236
2015-07-15,15.639338580285415,15.598106711961105
2015-07-16,15.492927525480434,15.465088837463409
2015-07-17,15.190103321658471,15.17121726005094
2015-07-18,15.286317224744682,15.25777940930749
2015-07-19,15.370293384147113,15.261098431838477
2015-07-20,15.34013812826247,15.193570884776111
2015-07-21,15.640964537436412,15.466648300308377
2015-07-22,15.7618943691097,15.555911269258578
2015-07-23,15.646744048004106,15.433225719261777
2015-07-24,15.387290367573408,15.167437116489035
2015-07-25,15.39857132407741,15.196899178089872
2015-07-26,15.487735034004187,15.30538804712403
2015-07-27,15.53888015065309,15.304287465859584
2015-07-28,15.73634500159424,15.527307010232292
2015-07-29,16.063743603351096,15.844024091163117
2015-07-30,16.084596856440946,15.939849632464187
2015-07-31,15.92297011596988,15.895082114941754
2015-08-01,15.89111978570068,15.932690427347179
2015-08-02,15.574881776450699,15.761398591060745
2015-08-03,15.367441587379504,15.67976204773258
2015-08-04,14.793129039461384,15.17512995211456
2015-08-05,14.906820959287847,15.202161443021952
2015-08-06,14.755013071906145,15.111930872198508
2015-08-07,14.499167871841152,14.789552641411607
2015-08-08,14.35174900710026,14.702769524928309
2015-08-09,14.568194719662149,14.867806469626817
2015-08-10,14.666395666476358,14.98908375921469
2015-08-11,14.70513704966716,15.054231247824335
2015-08-12,15.083999212858306,15.400305443928591
2015-08-13,14.887484437123096,15.196724847342336
2015-08-14,14.860076471255942,15.196723088428044
2015-08-15,14.79198462088865,15.130047768889671
2015-08-16,14.863390198562083,15.161775246011022
2015-08-17,14.846882021558214,15.091024293912916
2015-08-18,15.14981950629055,15.441084070596924
2015-08-19,15.200931305094564,15.499751963478474
2015-08-20,15.080385632147095,15.418351459896698
2015-08-21,14.85461889475575,15.209179978850667
2015-08-22,14.661436935441452,14.977424853601311
2015-08-23,14.907729455728013,15.210598256621198
2015-08-24,14.882241225935628,15.236291689985666
2015-08-25,15.059785389650969,15.36584202531822
2015-08-26,15.208573234771782,15.52920474520662
2015-08-27,15.086409019761838,15.398149584621189
2015-08-28,15.956394236615715,15.939849632464187
2015-08-29,15.868921273420156,15.939849632464187
2015-08-30,15.80940288363048,15.939849632464187
2015-08-31,15.876583453031005,15.939849632464187
2015-09-01,15.726653832784445,15.914101790784649
2015-09-02,14.6041039363504,14.571267109422484
2015-09-03,14.854820208526963,14.772655429762015
2015-09-04,14.97076241867498,14.869288940144772
2015-09-05,15.216720388360127,15.117749904110331
2015-09-06,15.574415856132369,15.457486436346795
2015-09-07,15.507036269446253,15.370797796534918
2015-09-08,15.269473312837597,15.142454617164628
2015-09-09,15.109499069257623,14.999227921949677
2015-09-10,15.129621941400677,15.025782008107349
2015-09-11,15.50945588258307,15.392313121576993
2015-09-12,15.415047828390696,15.298064159751359
2015-09-13,15.617855758446131,15.489480525890043
2015-09-14,15.599175372024197,15.472189217698338
2015-09-15,15.271787074068792,15.139812785149115
2015-09-16,15.336794487428536,15.213633260124226
2015-09-17,15.279238938626147,15.173995368259886
2015-09-18,15.347382826766987,15.23271013731629
2015-09-19,15.39785974346749,15.2829650760248
2015-09-20,15.60232049678386,15.464095592382353
2015-09-21,15.507366992358008,15.409419199016536
2015-09-22,15.199155073843272,15.071310436092178
2015-09-23,15.317852391744239,15.235469352066097
2015-09-24,15.422983438988144,15.326854522504567
2015-09-25,15.512217468200912,15.371188031954324
2015-09-26,15.705921415905971,15.568592388147605
2015-09-27,16.069675139858774,15.939849632464187
2015-09-28,15.914959828454556,15.823683176075363
2015-09-29,15.782620316065415,15.66084744431761
2015-09-30,15.647387006847998,15.521900044196423
2015-10-01,15.488525486312914,15.337139169333803
2015-10-02,14.590947409115525,14.401385702630673
2015-10-03,15.21958341096445,14.993424365847451
2015-10-04,15.06609078315061,14.870424427499838
2015-10-05,15.3212627514852,15.117906168298143
2015-10-06,15.247972490117755,15.043933543545261
2015-10-07,15.047048264441248,14.846300582574269
2015-10-08,14.98921491392941,14.786714755889934
2015-10-09,14.999688961400194,14.79502046477143
2015-10-10,15.032825101159101,14.810737456906276
2015-10-11,15.005329874556029,14.758192692813322
2015-10-12,15.41621552297321,15.221985313252748
2015-10-13,15.520075391593684,15.30457790998531
2015-10-14,15.042620503322672,14.796322235821558
2015-10-15,15.142296316005837,14.89697232359664
2015-10-16,15.15616439658178,14.909904090180367
2015-10-17,15.113526252149013,14.878454804596437
2015-10-18,15.25898126595776,15.019123536560697
2015-10-19,15.63205809376341,15.415533573015118
2015-10-20,15.454751106987578,15.219909841388517
2015-10-21,15.16647038255525,14.951031485153708
2015-10-22,15.06914845217192,14.853140239288443
2015-10-23,15.255358520053061,15.078348935770231
2015-10-24,15.160017729746551,14.901888396697544
2015-10-25,15.290670783365442,15.094290362923727
2015-10-26,15.5507717260183,15.330202041056891
2015-10-27,15.469414634778545,15.255415553239668
2015-10-28,15.765694269472265,15.543885041365892
2015-10-29,15.819715698361344,15.609922481323578
2015-10-30,15.796077536591573,15.59027218051896
2015-10-31,15.579204000157258,15.377147235876786
2015-11-01,15.572345966725768,15.361249055246219
2015-11-02,14.834465691846002,14.648705653048923
2015-11-03,14.55517785188638,14.31163390295531
2015-11-04,14.79323994635634,14.617749075007056
2015-11-05,14.751748526286045,14.555509009969667
2015-11-06,14.951341685577036,14.74169139313538
2015-11-07,14.741052176137275,14.563050625706964
2015-11-08,15.246588835616198,15.058863176247826
2015-11-09,15.04208149322835,14.820032549468584
2015-11-10,14.990282844797019,14.771230042888371
2015-11-11,14.889999501062125,14.709556883344375
2015-11-12,15.176675236992834,14.937896705590544
2015-11-13,14.961301474879821,14.750662014860373
2015-11-14,15.290217201638878,15.052724690266182
2015-11-15,15.273491768219206,15.065118457316512
2015-11-16,15.277895125134945,15.079942365686788
2015-11-17,14.926034898915903,14.698461268750796
2015-11-18,14.981446585447665,14.84052367886191
2015-11-19,14.892195946264959,14.81697620823644
2015-11-20,15.036192905046251,14.969415600840822
2015-11-21,14.644901067398177,14.657287902592037
2015-11-22,14.937286541429886,14.96381362100369
2015-11-23,14.661303522277478,14.678722760762021
2015-11-24,14.505864365688534,14.51718598939386
2015-11-25,14.505777414370394,14.54272043154927
2015-11-26,15.028029912264282,15.037160865461773
2015-11-27,15.47225692785858,15.452133823284598
2015-11-28,15.447684125493465,15.479778964512333
2015-11-29,15.4285892407435,15.416016236508568
2015-11-30,15.209648735763736,15.21815329073405
2015-12-01,14.985346488100772,14.998040820368782
2015-12-02,13.768041887736965,13.79347775868221
2015-12-03,14.431927951646763,14.461085402251275
2015-12-04,14.546160968031074,14.555338040403495
2015-12-05,14.643121889744156,14.64529636494392
2015-12-06,14.522578365429672,14.515523867617967
2015-12-07,14.642613299926445,14.675981847881282
2015-12-08,14.83979132128738,14.814319255224726
2015-12-09,14.315148478107067,14.324885063367109
2015-12-10,14.711945065345946,14.762943536798556
2015-12-11,14.522361402938792,14.486353416196861
2015-12-12,14.876273755042682,14.853873120783673
2015-12-13,15.051777178251164,15.033999863194499
2015-12-14,15.000981919246513,14.9712922102272
2015-12-15,14.943415798004736,14.949045448303503
2015-12-16,14.653141186593407,14.677376989489673
2015-12-17,14.798071318551173,14.78857769605609
2015-12-18,14.888396055880744,14.898890013901644
2015-12-19,14.902461692221475,14.940897981949163
2015-12-20,15.100303229128086,15.126975790806016
2015-12-21,15.434994392722137,15.450864174707029
2015-12-22,15.129084707007369,15.131122909306029
2015-12-23,15.112012213237445,15.109181760004063
2015-12-24,14.690286438681772,14.632151180950862
2015-12-25,14.9877476435043,14.930016815654824
2015-12-26,15.109082014145823,15.105598930913308
2015-12-27,15.444036169645369,15.44385295134459
2015-12-28,15.917199978746353,15.91521609353357
2015-12-29,15.86451225150809,15.855345153112319
2015-12-30,15.597515021461968,15.588501213127053
2015-12-31,15.667984473993988,15.642941027691911
2016-01-01,15.581303347197661,15.493485654342193
2016-01-02,14.754977791762405,14.544277041686367
2016-01-03,14.825090454220744,14.59013467412408
2016-01-04,14.68589933078626,14.437002540474614
2016-01-05,14.258728038921017,14.038210026688406
2016-01-06,14.664440297540619,14.466388003825369
2016-01-07,14.733115829452515,14.521010967233302
2016-01-08,14.822776432386323,14.604897467981552
2016-01-09,14.923070139958094,14.710003879003835
2016-01-10,15.23194439008361,14.979104603901307
2016-01-11,15.04925893812204,14.837994625405463
2016-01-12,14.781596080630074,14.562341277250392
2016-01-13,14.634552310977263,14.464850224062817
2016-01-14,14.993365052451326,14.810796904270358
2016-01-15,15.077546785152592,14.915322410201567
2016-01-16,15.165367128008608,14.959101798620251
2016-01-17,15.2575516255451,15.06172936291234
2016-01-18,15.227752967675114,15.042139353105371
2016-01-19,14.851621371085697,14.654159623689639
2016-01-20,14.860331578764947,14.646108477342251
2016-01-21,15.197091995687119,15.007316524589648
2016-01-22,15.016297713494982,14.796522866720276
2016-01-23,15.20150844764085,15.016834125158395
2016-01-24,15.370413204390024,15.177752392345129
2016-01-25,15.426408867499227,15.21370202453346
2016-01-26,15.080976021370914,14.872217494658969
2016-01-27,15.36913031213219,15.200435752202822
2016-01-28,15.720250723386716,15.52569169354854
2016-01-29,15.427595765219277,15.22125085532267
2016-01-30,15.750053599841218,15.52873118938942
2016-01-31,15.679552288034657,15.474002308374242
2016-02-01,15.464316926483285,15.234110629582402
2016-02-02,14.90306050729356,14.696485740318128
2016-02-03,14.637012342169031,14.42635886386897
2016-02-04,14.852049050895475,14.650827718378935
2016-02-05,15.118678823694399,14.9099262599341
2016-02-06,15.370653367720658,15.19511335290991
2016-02-07,15.209856140839975,14.961105428903196
2016-02-08,15.163218559086369,14.953520044211373
2016-02-09,15.196702451106832,15.00528811481337
2016-02-10,15.0534795590869,14.832285273317453
2016-02-11,15.128521574523939,14.91434940763217
2016-02-12,15.210740361349712,15.000129479313236
2016-02-13,15.36346014920099,15.131130794905042
2016-02-14,15.409973933573234,15.20952046258001
2016-02-15,15.338962117709977,15.124499654109808
2016-02-16,15.18695954985541,14.98167036432081
2016-02-17,14.901402278846998,14.680114111573019
2016-02-18,15.204176978525384,15.009838368516931
2016-02-19,15.335334454206961,15.114350934158091
2016-02-20,15.459714041435134,15.248947808193092
2016-02-21,15.375437578166858,15.16177122314992
2016-02-22,15.367729445074529,15.15722602729639
2016-02-23,15.330685530446925,15.129867982372733
2016-02-24,15.571690183489359,15.35570907852777
2016-02-25,15.85376330478792,15.646155301079329
2016-02-26,15.775075326930475,15.56681389802685
2016-02-27,15.737900005615835,15.48342162935984
2016-02-28,15.44822371216385,15.236852801055473
2016-02-29,15.076549072333295,14.86068833164275
2016-03-01,13.472997417770952,13.342942314906082
2016-03-02,14.207380333598117,14.033079166120872
2016-03-03,14.626912240800525,14.432845733792846
2016-03-04,14.837450848119412,14.65094769148189
2016-03-05,15.060326379949478,14.851906618882937
2016-03-06,15.068675876934405,14.828584947177712
2016-03-07,15.26842746089134,15.081017301375885
2016-03-08,15.361771867295941,15.155586635542612
2016-03-09,15.435063278813475,15.226891178575672
2016-03-10,15.813541031609077,15.604594549625348
2016-03-11,15.653160803306642,15.43805708584381
2016-03-12,15.357496856991322,15.16457932735188
2016-03-13,15.353521920631623,15.125742783411436
2016-03-14,15.46695981879682,15.238693607487914
2016-03-15,15.486812215008495,15.293531494532681
2016-03-16,15.673800212087752,15.467959117669892
2016-03-17,15.963701019210545,15.733785151395912
2016-03-18,15.749590291371218,15.572089713421214
2016-03-19,15.582449621978494,15.423015032511351
2016-03-20,15.375646911188786,15.189497684814953
2016-03-21,15.526554018180088,15.37559495027377
2016-03-22,15.51100058627748,15.419004149880243
2016-03-23,15.615005777307724,15.526208238070527
2016-03-24,15.886598520454216,15.78372104297507
2016-03-25,15.762654845157734,15.651848936462288
2016-03-26,15.463742679150045,15.382069741415767
2016-03-27,15.630516977430078,15.545394068509548
2016-03-28,15.481550263242484,15.395142781282773
2016-03-29,15.833313362067319,15.743928224597052
2016-03-30,16.084596856440946,15.939849632464187
2016-03-31,16.084596856440946,15.939849632464187
2016-04-01,16.084596856440946,15.939849632464187
2016-04-02,16.084596856440946,15.939849632464187
2016-04-03,16.084596856440946,15.939849632464187
2016-04-04,15.25777311892814,15.172980055743562
2016-04-05,15.34122895002586,15.277622183672026
2016-04-06,15.585889248670325,15.51396030813149
2016-04-07,15.52109597409464,15.448927681261162
2016-04-08,15.279661577553847,15.17706805770233
2016-04-09,15.327969275362676,15.252585068585395
2016-04-10,15.404422502674574,15.323398310550198
2016-04-11,15.639051638715264,15.529901176713274
2016-04-12,15.601059327328016,15.516092821538622
2016-04-13,15.971554287048088,15.866141909360199
2016-04-14,15.787447251826306,15.643281168895179
2016-04-15,15.592184883054166,15.472751726782104
2016-04-16,15.772151453212894,15.606812380821536
2016-04-17,16.019989519621785,15.862873885109538
2016-04-18,15.88621680026615,15.686738523884443
2016-04-19,16.045468290926532,15.852278870510537
2016-04-20,16.084596856440946,15.939849632464187
2016-04-21,16.084596856440946,15.867147801621998
2016-04-22,15.678379566512097,15.478801592329969
2016-04-23,15.922780789599287,15.685490677465456
2016-04-24,15.895701006643245,15.682446608299118
2016-04-25,16.084596856440946,15.939849632464187
2016-04-26,16.084596856440946,15.939849632464187
2016-04-27,16.084596856440946,15.939849632464187
2016-04-28,16.084596856440946,15.939849632464187
2016-04-29,16.084596856440946,15.939849632464187
2016-04-30,16.084596856440946,15.939849632464187
2016-05-01,16.084596856440946,15.939849632464187
2016-05-02,16.000658136602578,15.774898144118728
2016-05-03,15.704017030332055,15.476372938882227
2016-05-04,15.614140761215232,15.39942726737174
2016-05-05,15.611675799176615,15.359386720874479
2016-05-06,15.587779114108226,15.361403925502705
2016-05-07,15.428190573099059,15.192298758372832
2016-05-08,15.369626888079448,15.139866680945229
2016-05-09,15.804348826329734,15.605743828142826
2016-05-10,15.70812373292167,15.467404342852825
2016-05-11,15.950018628545417,15.743859413343287
2016-05-12,16.084596856440946,15.939849632464187
2016-05-13,16.084596856440946,15.87193117743794
2016-05-14,15.8232431617359,15.617882960258337
2016-05-15,15.6739828328592,15.424617699699779
2016-05-16,15.856956047187701,15.606139041202052
2016-05-17,15.9708749967711,15.739590772695937
2016-05-18,15.94569166250065,15.734076256305359
2016-05-19,16.084596856440946,15.939849632464187
2016-05-20,16.084596856440946,15.921747825968868
2016-05-21,15.823333167451066,15.589725874621053
2016-05-22,15.855163560508165,15.633023251119338
2016-05-23,15.972516205427972,15.7679373801631
2016-05-24,15.917612510906553,15.699557599578483
2016-05-25,16.084596856440946,15.87731208668591
2016-05-26,16.084596856440946,15.939849632464187
2016-05-27,16.084596856440946,15.939849632464187
2016-05-28,15.871992858054092,15.657105969741707
2016-05-29,15.652464482159745,15.421134211352197
2016-05-30,16.084596856440946,15.939849632464187
2016-05-31,16.084596856440946,15.939849632464187
2016-06-01,16.084596856440946,15.939849632464187
2016-06-02,16.084596856440946,15.939849632464187
2016-06-03,16.084596856440946,15.939849632464187
2016-06-04,15.080743717985033,14.863834324485081
2016-06-05,15.479748404432238,15.238946226578946
2016-06-06,15.457298763093762,15.22652828242124
2016-06-07,15.684941650681552,15.48369447978578
2016-06-08,15.96994221830645,15.783798313129184
2016-06-09,15.720512949893253,15.517514541304706
2016-06-10,15.583095406545963,15.378702402569688
2016-06-11,15.598799636171108,15.37604527744143
2016-06-12,15.6217916314601,15.404988258166341
2016-06-13,15.745564944737218,15.51877181085925
2016-06-14,16.028280642008408,15.80868029637513
2016-06-15,16.084596856440946,15.876460625036449
2016-06-16,16.084596856440946,15.92214607025286
2016-06-17,15.506336379958933,15.262620362692964
2016-06-18,15.880136907142546,15.659607773783065
2016-06-19,15.883394860041848,15.65564523543819
2016-06-20,15.79876281328883,15.580580011494854
2016-06-21,15.955582684972175,15.725378809787417
2016-06-22,16.084596856440946,15.915719052270301
2016-06-23,16.084596856440946,15.888707560529998
2016-06-24,15.880081811663715,15.688623412475657
2016-06-25,15.745034046061333,15.623293224044778
2016-06-26,15.717397958642769,15.631026152634977
2016-06-27,15.742894081172903,15.737344719598262
2016-06-28,15.925479606083892,15.915209858646257
2016-06-29,16.084596856440946,15.939849632464187
2016-06-30,16.084596856440946,15.939849632464187
2016-07-01,16.084596856440946,15.939849632464187
2016-07-02,15.990325337687494,15.939849632464187
2016-07-03,15.675969352043127,15.663035264438214
2016-07-04,14.142345742726759,14.097636445870707
2016-07-05,14.826667924018208,14.800534896785901
2016-07-06,14.809971344267803,14.819488649633525
2016-07-07,15.32342265287848,15.323662112964332
2016-07-08,15.14360057727574,15.14089280657124
2016-07-09,15.214496017827036,15.190885690701343
2016-07-10,15.203936031649796,15.147661266281963
2016-07-11,15.225081744554911,15.190370474278499
2016-07-12,15.291102532309614,15.267570978675527
2016-07-13,15.1963153640104,15.17748375274909
2016-07-14,15.579326321563128,15.569382552614723
2016-07-15,15.527175114406129,15.50383321928095
2016-07-16,15.237833091980471,15.184822159920104
2016-07-17,15.288583042830705,15.26416407102721
2016-07-18,15.21103414099086,15.20978556385394
2016-07-19,15.419335901358318,15.312572302502593
2016-07-20,15.563499093335324,15.422831992237757
2016-07-21,15.645623393154915,15.511884779737166
2016-07-22,15.676436804223501,15.502911453867046
2016-07-23,15.572478629721285,15.361744772121583
2016-07-24,15.423467253938705,15.198907959445721
2016-07-25,15.70300615566158,15.466192905598
2016-07-26,15.876277619400675,15.655819400469198
2016-07-27,15.879910142006093,15.655139848928942
2016-07-28,16.084596856440946,15.939535541044906
2016-07-29,16.084596856440946,15.896147516099061
2016-07-30,15.663381242818984,15.431973447365273
2016-07-31,16.084596856440946,15.939849632464187
2016-08-01,16.084596856440946,15.939849632464187
2016-08-02,16.084596856440946,15.85871436647888
2016-08-03,16.084596856440946,15.882847193747729
2016-08-04,16.066292128531842,15.823095325295913
2016-08-05,15.539755125469789,15.298290264928495
2016-08-06,15.044310960891512,14.837244901643675
2016-08-07,15.303364270713052,15.044434545350795
2016-08-08,15.285710632656386,15.055991440921133
2016-08-09,15.495860620491259,15.275823937638775
2016-08-10,15.643254247329889,15.422879411371257
2016-08-11,15.689714624940143,15.475713546002943
2016-08-12,15.62697024891844,15.402840845795808
2016-08-13,15.407121151854668,15.209978278493974
2016-08-14,15.234566291502446,15.002405924389935
2016-08-15,15.539207542404272,15.318962443593678
2016-08-16,15.542299823559942,15.306130377505019
2016-08-17,15.516833241090898,15.25646851985325
2016-08-18,16.06982320604914,15.884913213220013
2016-08-19,15.694410649579412,15.479079402481178
2016-08-20,15.57018287930245,15.333764504253807
2016-08-21,15.690598173435609,15.488617304717973
2016-08-22,15.468007906218974,15.27121989347315
2016-08-23,15.387272027605594,15.168353052491886
2016-08-24,15.654909168871997,15.444800196489188
2016-08-25,15.989685946354964,15.758238522092633
2016-08-26,15.552525404871092,15.317066295807193
2016-08-27,15.333194688507453,15.11362058080797
2016-08-28,16.084596856440946,15.939849632464187
2016-08-29,16.084596856440946,15.939849632464187
2016-08-30,16.084596856440946,15.939849632464187
2016-08-31,16.084596856440946,15.939849632464187
2016-09-01,16.084596856440946,15.939849632464187
2016-09-02,14.675521850528337,14.602741402829468
2016-09-03,14.864480518474336,14.761900171453568
2016-09-04,14.884142802681007,14.77499389687512
2016-09-05,15.240528388439929,15.11945726727499
2016-09-06,15.310170861668619,15.207280142654
2016-09-07,14.818898020518663,14.7246684555515
2016-09-08,14.897369194683261,14.8124961958613
2016-09-09,15.221719432277746,15.082608107955538
2016-09-10,15.034471172819337,14.940793595728959
2016-09-11,15.382395534913796,15.252919368104836
2016-09-12,15.55159424018842,15.450754131612923
2016-09-13,15.545381610978232,15.440058886863234
2016-09-14,15.293734500189345,15.179551142925579
2016-09-15,15.127758500805195,15.0128179033928
2016-09-16,15.206444964902186,15.084306989343727
2016-09-17,15.304289548592847,15.161943361634034
2016-09-18,15.413406442727654,15.293241857564334
2016-09-19,15.492771254933839,15.380609421202422
2016-09-20,15.41492101105088,15.292854101902773
2016-09-21,15.300712149012538,15.212269914504503
2016-09-22,15.08818397987515,15.01735077393929
2016-09-23,15.247802764548304,15.165623313162657
2016-09-24,15.115444960784393,14.962883667514163
2016-09-25,15.578650351816405,15.46837503807124
2016-09-26,15.745381183131327,15.627391386367846
2016-09-27,15.954296391599717,15.869109274375182
2016-09-28,15.839424570629419,15.736098449208548
2016-09-29,15.507989640034541,15.403215167827542
2016-09-30,15.406710517400674,15.251883098643622
2016-10-01,15.289518139932097,15.12418418709987
2016-10-02,14.769789474509677,14.49565629992212
2016-10-03,14.75111063470652,14.556453279648673
2016-10-04,15.0570921934055,14.86289700611012
2016-10-05,15.046578096256015,14.825738698732875
2016-10-06,14.878505765656742,14.713406591984281
2016-10-07,14.985803300221825,14.722696991199058
2016-10-08,14.947258180727221,14.761112344888318
2016-10-09,15.013580015777755,14.764651798561928
2016-10-10,15.26586312879692,15.030892675835089
2016-10-11,15.302144821780347,15.091227482818258
2016-10-12,15.328789763496733,15.075314684934048
2016-10-13,15.014581284717025,14.78977407865171
2016-10-14,15.071591407628045,14.815624940422675
2016-10-15,15.187515806741782,14.928530082199106
2016-10-16,15.291715517807623,15.043249931600682
2016-10-17,14.92647587615069,14.7132269987883
2016-10-18,15.321554927868805,15.112172923088345
2016-10-19,15.257284698277212,15.038109374116406
2016-10-20,14.861607405727927,14.631153956333845
2016-10-21,15.0009233702829,14.78409320144179
2016-10-22,15.188731118173228,14.98853870709792
2016-10-23,15.034291242461155,14.796121890983164
2016-10-24,15.29264796335186,15.075881152095693
2016-10-25,15.273957147875134,14.994144329465291
2016-10-26,15.364541585750482,15.13776241091182
2016-10-27,15.251222210377792,15.048295825896176
2016-10-28,15.774965791063554,15.577026739694192
2016-10-29,15.862949825956205,15.654737720457074
2016-10-30,15.645186539283474,15.429143737944258
2016-10-31,15.632690979357076,15.409554915242532
2016-11-01,15.85921881015368,15.625213654742915
2016-11-02,14.51839734915764,14.329255819437096
2016-11-03,14.589192192962802,14.304196849343981
2016-11-04,14.887593611148924,14.659503948886876
2016-11-05,15.019002399646219,14.735923203070048
2016-11-06,14.971509582738154,14.776595717866662
2016-11-07,15.20522201415913,14.96756747939781
2016-11-08,14.88114143701337,14.637553522673882
2016-11-09,14.943337641490109,14.697480781447121
2016-11-10,15.075233404506934,14.84063928205977
2016-11-11,14.991845292270966,14.779607118279795
2016-11-12,15.218492491296862,14.983605630981318
2016-11-13,15.228505643336305,15.008863612836398
2016-11-14,15.499047116937184,15.271155397288878
2016-11-15,15.21850292565641,14.999091886136567
2016-11-16,14.796185664095981,14.59674726202164
2016-11-17,14.995315207048037,14.792967438414543
2016-11-18,14.82725163800053,14.666339680385901
2016-11-19,14.930539801289267,14.844314231802999
2016-11-20,14.700371202955385,14.6078009130098
2016-11-21,14.86266433859781,14.779763046210949
2016-11-22,14.898604114938555,14.917663653902398
2016-11-23,14.392762100611614,14.335997589661106
2016-11-24,14.342037527905914,14.362347812821717
2016-11-25,15.013829088972908,15.022489323857453
2016-11-26,15.03698721413141,15.027500747990162
2016-11-27,15.483148357272514,15.479805070763819
2016-11-28,15.46346115988512,15.450861592498049
2016-11-29,15.4091822704774,15.417460465131827
2016-11-30,15.159129129221611,15.17587407451339
2016-12-01,14.673567765568437,14.66622149716577
2016-12-02,13.71853119985662,13.73806586668827
2016-12-03,14.103610830458226,14.0128741801737
2016-12-04,14.620895990238836,14.615101751986243
2016-12-05,14.47058574573899,14.477974062549375
2016-12-06,14.773072011825453,14.736184995345855
2016-12-07,14.64818856288932,14.637112864304852
2016-12-08,14.545736900577628,14.574802255297651
2016-12-09,14.75289129594992,14.771248500416155
2016-12-10,14.88472202731088,14.876487238935407
2016-12-11,14.863997816926243,14.849600766248551
2016-12-12,14.993595059296892,14.984093773001021
2016-12-13,15.156710872224748,15.15844808958255
2016-12-14,14.84253215730817,14.85628603920612
2016-12-15,14.811389388346722,14.824539029207745
2016-12-16,14.788806275019914,14.790718433095623
2016-12-17,14.990507666229208,15.003507462483782
2016-12-18,15.000737878420964,15.004998761112896
2016-12-19,15.23507463077433,15.225421294202112
2016-12-20,15.272671102492824,15.256319067572853
2016-12-21,15.269411367597455,15.226642016358072
2016-12-22,14.952505221298647,14.93308103579167
2016-12-23,14.732121026717145,14.735692911645799
2016-12-24,14.525549510840683,14.512305666735989
2016-12-25,15.064947985831104,15.041063068469487
2016-12-26,15.160868511769015,15.152309567953845
2016-12-27,15.580970814711225,15.564848377169051
2016-12-28,15.837635467111774,15.8198693415794
2016-12-29,15.885929591455342,15.888904903403505
2016-12-30,15.58036698561116,15.56330758405188
2016-12-31,15.418876302042243,15.408960421976374
2017-01-01,15.201528900994676,15.09193843623144
2017-01-02,14.37430021617706,14.133566442679696
2017-01-03,14.453059882262984,14.268837323122042
2017-01-04,13.650007509821831,13.43381052509961
2017-01-05,14.19698109845864,13.951265814718896
2017-01-06,14.653385695031831,14.42672427616674
2017-01-07,14.58034398960573,14.38495309344491
2017-01-08,14.8828967816137,14.63658797894216
2017-01-09,15.050172725207124,14.850285629745711
2017-01-10,14.918950080104063,14.707831176382689
2017-01-11,14.616237245897892,14.330978326285209
2017-01-12,14.810301593849536,14.558019072878235
2017-01-13,14.958720293952998,14.770722204210392
2017-01-14,14.53641957767969,14.348985770230856
2017-01-15,14.697352505699751,14.50613749537772
2017-01-16,15.16316021920338,14.947688355629825
2017-01-17,14.855732384721046,14.617451917407504
2017-01-18,14.575764281344725,14.317823130315977
2017-01-19,14.795256127753387,14.598436539328338
2017-01-20,14.870465603953074,14.656469373277936
2017-01-21,14.841661144273642,14.618482905278373
2017-01-22,14.706909901693507,14.540525513811355
2017-01-23,15.058610039291462,14.815951648014053
2017-01-24,14.864947731878983,14.643223984877865
2017-01-25,14.668201063298104,14.485319272912834
2017-01-26,15.038785529082803,14.804853326688644
2017-01-27,15.174819046294028,14.952979984084644
2017-01-28,15.511941758724406,15.312125479606344
2017-01-29,15.692055834716259,15.485693410623318
2017-01-30,15.546713322756958,15.329713321979124
2017-01-31,15.571066621385448,15.369769744858253
2017-02-01,15.138397328869738,14.916667423116595
2017-02-02,14.550068350175417,14.348894297414267
2017-02-03,14.7427240981771,14.566349036467322
2017-02-04,14.736212892394136,14.541637880332177
2017-02-05,14.705995141096738,14.528411506783678
2017-02-06,14.758406585254965,14.550571298669889
2017-02-07,14.822970500379197,14.612623103912348
2017-02-08,14.474651541718256,14.277242357260711
2017-02-09,14.738544777330777,14.546350053502609
2017-02-10,14.766575957037794,14.571703976448353
2017-02-11,14.918791272554841,14.752592154157703
2017-02-12,15.097426554291571,14.875677026771731
2017-02-13,15.306174265445954,15.097173851203497
2017-02-14,15.17019258050443,14.995479217226674
2017-02-15,14.52976765310476,14.36103324590196
2017-02-16,15.077807589638766,14.865896549460073
2017-02-17,14.921932144535129,14.73462044428563
2017-02-18,15.002571549340995,14.845389937780789
2017-02-19,15.32416514341166,15.13587249090941
2017-02-20,15.542459794477844,15.354817712478425
2017-02-21,15.47253075489859,15.296457396285906
2017-02-22,15.310979281772907,15.116520895723522
2017-02-23,15.425964701860224,15.214386949816998
2017-02-24,15.463607860654816,15.27205952225282
2017-02-25,15.78871019150736,15.604699930655158
2017-02-26,15.754451476824215,15.532644906468539
2017-02-27,15.819486080954796,15.621332012409589
2017-02-28,15.59054920006801,15.395046320099631
2017-03-01,15.235906813023329,15.057285908781889
2017-03-02,13.896878162958233,13.703726074962946
2017-03-03,14.071228685711827,13.900164093261932
2017-03-04,14.162536578402078,13.902934367391952
2017-03-05,14.673850595639031,14.39462289274459
2017-03-06,15.174076060698575,14.9661174140705
2017-03-07,14.984960924456328,14.787904813699761
2017-03-08,15.33145243044681,15.098421284220349
2017-03-09,15.418524764506792,15.210429718343022
2017-03-10,15.616782134977086,15.410723296670449
2017-03-11,15.289927482019625,15.058370464032162
2017-03-12,14.952062210361857,14.72451783375141
2017-03-13,15.409763504156189,15.239231531011423
2017-03-14,15.550596712731473,15.324018602685571
2017-03-15,15.803149596243642,15.584113021454007
2017-03-16,15.822078106786215,15.610672651694141
2017-03-17,15.874062835271651,15.652007243220346
2017-03-18,15.603058655133832,15.399757659477821
2017-03-19,15.449067312560313,15.312467672253437
2017-03-20,15.533769269364617,15.373855362288003
2017-03-21,15.671089788521446,15.555840799004795
2017-03-22,15.718287967402128,15.587894555852053
2017-03-23,15.922962864487989,15.841892110042886
2017-03-24,15.900376697373458,15.799973467746703
2017-03-25,15.598834605517924,15.509016156812443
2017-03-26,15.543891359386977,15.452579047818444
2017-03-27,15.716166301183046,15.604241306912709
2017-03-28,15.834160130075821,15.733612119030559
2017-03-29,15.994776140269456,15.921688887337837
2017-03-30,16.084596856440946,15.939849632464187
2017-03-31,16.084596856440946,15.939849632464187
2017-04-01,16.084596856440946,15.939849632464187
2017-04-02,16.084596856440946,15.939849632464187
2017-04-03,16.084596856440946,15.939849632464187
2017-04-04,15.156439279281985,15.050502225308541
2017-04-05,15.34790671552498,15.250397442295338
2017-04-06,15.199735136060344,15.097540072406243
2017-04-07,15.047766840000538,14.925172777324459
2017-04-08,15.07171389872918,14.948215588030145
2017-04-09,15.463270722363946,15.359634860690583
2017-04-10,15.41613935381242,15.31030487553659
2017-04-11,15.671948718193146,15.569050961555973
2017-04-12,15.663365589461158,15.595917953873741
2017-04-13,15.620630429875137,15.551587168890547
2017-04-14,15.434195839380246,15.319838178987405
2017-04-15,15.448424382132751,15.293169135167378
2017-04-16,15.529467242489464,15.344442550958831
2017-04-17,15.71148683556625,15.526404180416069
2017-04-18,15.902032557685569,15.689284472789335
2017-04-19,15.970613984742368,15.742553531680334
2017-04-20,15.795195450179218,15.556757280729553
2017-04-21,15.523231030119591,15.297022492327907
2017-04-22,15.484672462769838,15.267960770699922
2017-04-23,15.886610962631252,15.654908997245979
2017-04-24,15.77209654973145,15.57048086901172
2017-04-25,15.93048557617245,15.725339278181492
2017-04-26,16.084596856440946,15.939849632464187
2017-04-27,16.084596856440946,15.939849632464187
2017-04-28,15.998550502943457,15.768825863898424
2017-04-29,16.084596856440946,15.939849632464187
2017-04-30,16.084596856440946,15.939849632464187
2017-05-01,16.084596856440946,15.925594674828435
2017-05-02,16.084596856440946,15.939849632464187
2017-05-03,16.084596856440946,15.939849632464187
2017-05-04,15.443980909018522,15.251839677472415
2017-05-05,15.54956470912164,15.31649614669081
2017-05-06,15.135499277508568,14.912926641464173
2017-05-07,15.40343035136731,15.188690393392388
2017-05-08,15.584919653043626,15.37761716957015
2017-05-09,15.66916329491752,15.464862506609208
2017-05-10,15.830679839056053,15.612601982023108
2017-05-11,16.084596856440946,15.92802110284747
2017-05-12,15.934225804181784,15.721571663136462
2017-05-13,15.81123418823781,15.589943251843719
2017-05-14,15.711950470153132,15.48093017618888
2017-05-15,15.835943000371243,15.639571935843266
2017-05-16,15.75840235351314,15.530560895724296
2017-05-17,15.83389967101889,15.597580123008525
2017-05-18,16.084596856440946,15.939849632464187
2017-05-19,15.981476895042949,15.758406543274361
2017-05-20,15.641688510124911,15.40816095527968
2017-05-21,15.88543122334963,15.673499564630575
2017-05-22,15.856900476338902,15.634738028727732
2017-05-23,15.998759643690503,15.797796967837012
2017-05-24,16.084596856440946,15.893696205088586
2017-05-25,16.084596856440946,15.939849632464187
2017-05-26,16.084596856440946,15.939849632464187
2017-05-27,15.738698351376213,15.497777599895578
2017-05-28,15.629349829364465,15.387672639135605
2017-05-29,15.832211318935768,15.603113694931146
2017-05-30,16.084596856440946,15.939849632464187
2017-05-31,16.084596856440946,15.939849632464187
2017-06-01,16.084596856440946,15.939849632464187
2017-06-02,16.084596856440946,15.939849632464187
2017-06-03,16.084596856440946,15.939849632464187
2017-06-04,15.421385903987897,15.205715420596794
2017-06-05,15.744125128505848,15.526694875017595
2017-06-06,15.491265048605174,15.254529969519684
2017-06-07,15.848987934138764,15.626912863944902
2017-06-08,15.793712117637416,15.585467181492422
2017-06-09,15.618938615319038,15.385254054505664
2017-06-10,15.661010023877848,15.437277557884101
2017-06-11,15.690778911498194,15.47130287813922
2017-06-12,15.706925451219092,15.489951566104468
2017-06-13,16.023562335716562,15.80691959693757
2017-06-14,16.084596856440946,15.90783437196506
2017-06-15,15.88749871203192,15.666975161311447
2017-06-16,15.781744162246785,15.580324510593448
2017-06-17,15.824436467112688,15.629799614324027
2017-06-18,15.873098732267165,15.649212863734416
2017-06-19,15.809193596117014,15.576936225933279
2017-06-20,15.922718003127057,15.666829806186398
2017-06-21,16.084596856440946,15.939849632464187
2017-06-22,16.03456415361265,15.821196097080286
2017-06-23,15.691348402133562,15.4699908317488
2017-06-24,15.843979426220585,15.715461119485594
2017-06-25,15.770882447527686,15.700658564854805
2017-06-26,15.892892788217093,15.853006368499544
2017-06-27,16.040138254344882,15.939849632464187
2017-06-28,16.084596856440946,15.939849632464187
2017-06-29,16.084596856440946,15.939849632464187
2017-06-30,16.084596856440946,15.939849632464187
2017-07-01,16.05617276738968,15.939849632464187
2017-07-02,15.951499190205721,15.939849632464187
2017-07-03,15.808206353280632,15.810704153586883
2017-07-04,14.252689148558616,14.22441874520014
2017-07-05,14.731378172336843,14.719177479782388
2017-07-06,15.152232968649471,15.146725513783979
2017-07-07,15.179219369950639,15.133303015445629
2017-07-08,14.83648769873734,14.812225342636824
2017-07-09,15.275421494093512,15.224352483923216
2017-07-10,15.298646430347207,15.273325209289267
2017-07-11,15.41384936659816,15.397342234677517
2017-07-12,15.374072909800546,15.329241916048037
2017-07-13,15.634181561519854,15.601461842295599
2017-07-14,15.313021768892641,15.303717254345194
2017-07-15,15.407694842920087,15.417890483303356
2017-07-16,15.552413807151776,15.530330880016527
2017-07-17,15.591047842853454,15.559782476503457
2017-07-18,15.559928213656562,15.51193072913074
2017-07-19,15.577460072814727,15.491328211699305
2017-07-20,15.86550742502726,15.759001388541584
2017-07-21,15.862188558809079,15.732608032798147
2017-07-22,15.431171173161701,15.26953327774499
2017-07-23,15.577299634925897,15.34548237495205
2017-07-24,15.548494333907778,15.314896614257654
2017-07-25,15.80035382937205,15.562225167107265
2017-07-26,15.934576305902329,15.72495698415923
2017-07-27,16.084596856440946,15.905167825969853
2017-07-28,15.953592457639964,15.74391946989237
2017-07-29,15.846701428359719,15.628274949416076
2017-07-30,15.991232737946676,15.926513624466262
2017-07-31,16.063275166500993,15.939849632464187
2017-08-01,15.776096336946758,15.939849632464187
2017-08-02,15.646880629072712,15.939849632464187
2017-08-03,15.696635258636089,15.939849632464187
2017-08-04,15.51516296010745,15.848718560708944
2017-08-05,14.30165148405857,14.600462308123781
2017-08-06,14.5362853714328,14.89263425169114
2017-08-07,14.543503129476777,14.79894465043406
2017-08-08,14.783020604089517,15.097418706416775
2017-08-09,14.784634056430326,15.094174055914507
2017-08-10,14.95470577577879,15.221553201766447
2017-08-11,14.967456821248287,15.289170141588086
2017-08-12,14.693021512738557,15.017162789843498
2017-08-13,14.680800390593989,14.961789894628609
2017-08-14,14.926899305633233,15.233414880822146
2017-08-15,14.75969965801131,15.126379119361621
2017-08-16,14.98688926621149,15.311299121524305
2017-08-17,15.210640747922502,15.564809060081641
2017-08-18,14.986858705726522,15.287270382389748
2017-08-19,14.7687927199858,15.102200919515719
2017-08-20,14.84265462828643,15.1871518401752
2017-08-21,14.784364790771972,15.117584428490964
2017-08-22,14.961761408279559,15.22812983776219
2017-08-23,15.061670842350605,15.377825828839997
2017-08-24,15.406858222104061,15.731970385136693
2017-08-25,15.02427296182397,15.330225833556874
2017-08-26,14.788834532955962,15.135041992456735
2017-08-27,14.684103284646199,14.936500394535377
2017-08-28,15.106141954808715,15.456695120273357
2017-08-29,15.804285184308213,15.939849632464187
2017-08-30,15.753768267362451,15.939849632464187
2017-08-31,15.883379078578514,15.939849632464187
2017-09-01,15.600951386561805,15.8443531049642
2017-09-02,15.647376767579322,15.82425817549065
2017-09-03,14.676820852602244,14.522696625571516
2017-09-04,14.95044211427599,14.807588801917873
2017-09-05,15.240234244653651,15.123113976531013
2017-09-06,15.192400740587644,15.059814515407531
2017-09-07,14.971501456042324,14.88427857031366
2017-09-08,14.830242646025859,14.71815551632026
2017-09-09,15.041457195517854,14.933189801427112
2017-09-10,14.856874678176375,14.710472524265425
2017-09-11,15.286031773302756,15.169818780970083
2017-09-12,15.478064297763275,15.354007401692725
2017-09-13,15.29150442938716,15.175842010759695
2017-09-14,14.89561814926062,14.770427595597402
2017-09-15,15.214287029899747,15.066504966335874
2017-09-16,15.201425194497908,15.088851057921815
2017-09-17,15.109223191915332,15.016896935369935
2017-09-18,15.364985933855106,15.228506025494873
2017-09-19,15.584303116929123,15.462852399664468
2017-09-20,15.285248569298616,15.154160058429204
2017-09-21,15.186961097662278,15.050265461629733
2017-09-22,15.273304422675603,15.169079932742576
2017-09-23,15.2187764937102,15.102800513271891
2017-09-24,15.174785733808777,15.067263899815288
2017-09-25,15.478454461366278,15.359773723445407
2017-09-26,15.573886539574149,15.437296994572888
2017-09-27,15.823192478339452,15.697816487571947
2017-09-28,15.86672909103287,15.766184512060702
2017-09-29,15.482838750247938,15.387490864138282
2017-09-30,15.539057472607512,15.394410562909686
2017-10-01,15.216186723369372,15.06153138349251
2017-10-02,14.873135373143462,14.666935278281723
2017-10-03,14.821147154789372,14.626956036965487
2017-10-04,15.199783519932796,14.96804251807035
2017-10-05,14.984832195240356,14.748039780983685
2017-10-06,14.887046871755857,14.688350234029885
2017-10-07,15.100467798705699,14.841732173435334
2017-10-08,15.180558465722592,14.935295234724169
2017-10-09,15.008095963269035,14.771417370977334
2017-10-10,15.167730302433604,14.93264328299193
2017-10-11,15.44787286695725,15.2404763924906
2017-10-12,15.31528842945872,15.06277462374003
2017-10-13,14.938325488800347,14.725842282166905
2017-10-14,15.147878606080297,14.91290732485168
2017-10-15,15.135730453654508,14.887144474349256
2017-10-16,15.229737883376885,14.979537733649176
2017-10-17,15.284554406276355,15.018520687067074
2017-10-18,15.620288738158008,15.377664542485352
2017-10-19,15.180700346024294,14.935089322537738
2017-10-20,15.055228387424073,14.83682469227998
2017-10-21,15.037982964547284,14.808875176459118
2017-10-22,15.085361921737759,14.862481839168069
2017-10-23,15.180362796049025,14.920492487330543
2017-10-24,14.969966807512987,14.728969451967783
2017-10-25,15.711040335640613,15.487091370576094
2017-10-26,15.47269091256541,15.252629968612199
2017-10-27,15.054564656396051,14.813079708783134
2017-10-28,15.112699971194454,14.9002914219686
2017-10-29,15.849448245637305,15.62876477270224
2017-10-30,15.780584664022753,15.554540612603954
2017-10-31,15.800767868221934,15.558000919597804
2017-11-01,15.773337356582859,15.536782195952544
2017-11-02,15.464157083478451,15.271488732815538
2017-11-03,14.271117145375603,14.070081145865478
2017-11-04,14.473956329116579,14.264196272820998
2017-11-05,14.741165666875968,14.544516831797862
2017-11-06,14.920214779736838,14.674525847503855
2017-11-07,15.225519353414136,15.02103544518616
2017-11-08,15.268945599323443,15.023963876777307
2017-11-09,14.842626605041858,14.606580357481315
2017-11-10,15.079990541916462,14.86037482256141
2017-11-11,14.887746581243743,14.692484108352227
2017-11-12,14.941895371582264,14.700165278851813
2017-11-13,15.136262141850201,14.896010914704988
2017-11-14,15.23960091348057,15.013861129115023
2017-11-15,15.16465668366453,14.953198568505707
2017-11-16,14.936115029349988,14.738193317234078
2017-11-17,14.838669803096113,14.600052554193502
2017-11-18,14.83607726559541,14.612485657355274
2017-11-19,14.957354920177629,14.884150977423758
2017-11-20,14.912777905938315,14.831084189748118
2017-11-21,14.647207846925102,14.570759461830097
2017-11-22,14.625804433981338,14.632501535052775
2017-11-23,14.374759587223384,14.320359392254767
2017-11-24,14.298529044088113,14.296889677783032
2017-11-25,14.799285769874775,14.818901778524161
2017-11-26,14.89424676283834,14.899207070803046
2017-11-27,15.173511246578405,15.15402962925551
2017-11-28,15.581590189580657,15.5651194612757
2017-11-29,15.398900131025611,15.384931543390953
2017-11-30,15.265750129872956,15.240096631137984
2017-12-01,14.757552588651992,14.735953935657353
2017-12-02,14.844609300332111,14.851556885385385
2017-12-03,14.159383647728838,14.091858030854896
2017-12-04,14.005694748084675,13.950796559112561
2017-12-05,14.359750547550187,14.334681327933898
2017-12-06,14.444169962765747,14.439047942850097
2017-12-07,14.573222081203411,14.600941721282418
2017-12-08,14.256017254991976,14.213579286839959
2017-12-09,14.289138623498186,14.30528846851621
2017-12-10,14.42311272045012,14.386352863494471
2017-12-11,14.52858920065809,14.577305481794612
2017-12-12,14.785090294271255,14.775729681387583
2017-12-13,14.875847647939391,14.861171937054298
2017-12-14,14.749566313217228,14.736278910317058
2017-12-15,14.777068398185408,14.771828354725828
2017-12-16,14.454893588823115,14.416872307488026
2017-12-17,14.913416547261697,14.901432476765253
2017-12-18,14.76168663681669,14.760444671268418
2017-12-19,14.855967634978052,14.857656613180309
2017-12-20,15.1893036731118,15.19228846089464
2017-12-21,14.71007821101513,14.688049436637515
2017-12-22,14.700550131730191,14.684006256761766
2017-12-23,14.667030758855322,14.649471953153641
2017-12-24,14.274797669910956,14.245916937175613
2017-12-25,14.451133736688652,14.419690914530047
2017-12-26,14.809287215420834,14.791605290802362
2017-12-27,15.227282430877622,15.22955229770754
2017-12-28,15.081127823423111,15.054960384260562
2017-12-29,15.6904198995492,15.684700215977537
2017-12-30,15.491262510618647,15.496634001953527
2017-12-31,15.455969622302739,15.427629864246589
2018-01-01,15.220744617791993,15.1779236096109
2018-01-02,15.103287350854426,14.992654465493764
2018-01-03,14.021214373274605,13.81283684678201
2018-01-04,14.005791190450712,13.757609766277128
2018-01-05,14.231305984127266,14.019775308882796
2018-01-06,14.423466422400312,14.169310484999746
2018-01-07,14.204881330953883,14.01838560387795
2018-01-08,14.74636983929481,14.550328956352265
2018-01-09,14.81950575758516,14.576599543167225
2018-01-10,14.705188268042134,14.44902596492084
2018-01-11,14.596596227695839,14.428156201021041
2018-01-12,14.867223827121103,14.666115350134545
2018-01-13,14.828335200578532,14.635942480764585
2018-01-14,14.615769603673835,14.38249444325125
2018-01-15,14.95608423659505,14.739980254729046
2018-01-16,15.142661909294613,14.921710603325261
2018-01-17,14.991391800235146,14.788313425552317
2018-01-18,14.562343769782393,14.327083324549543
2018-01-19,14.551022825065361,14.346518001829647
2018-01-20,14.698502111182444,14.512817081452077
2018-01-21,14.725505114459478,14.49448489660558
2018-01-22,15.014116393845875,14.82012128787658
2018-01-23,15.344007242176124,15.13871685219573
2018-01-24,15.000564147270476,14.791289612664565
2018-01-25,14.637799371486777,14.414678657914152
2018-01-26,14.87939972307617,14.691389407044197
2018-01-27,15.101369444366236,14.902679716375083
2018-01-28,14.95599176813329,14.713202405912408
2018-01-29,15.463661562426157,15.223297333571738
2018-01-30,15.557190993537349,15.34567916174137
2018-01-31,15.426867114622828,15.250506015001424
2018-02-01,15.11590105312318,14.918249755882481
2018-02-02,15.26432515955034,15.069851980046064
2018-02-03,14.499397575250606,14.265355554176306
2018-02-04,14.871332464719252,14.60493147214325
2018-02-05,14.95678208358869,14.731039731926803
2018-02-06,15.021323912438126,14.758722671510906
2018-02-07,14.847204108357493,14.60525493522143
2018-02-08,14.581386112326758,14.357061747698403
2018-02-09,14.578473875701622,14.337905846299146
2018-02-10,14.764926211348293,14.555476961664809
2018-02-11,14.901642820730395,14.65731349602313
2018-02-12,15.102693622429895,14.844050478412722
2018-02-13,15.301375361070647,15.079124696131553
2018-02-14,15.254908374765758,15.038020121065744
2018-02-15,14.956201126895145,14.732386478582091
2018-02-16,15.05772266132185,14.789926455556488
2018-02-17,15.252206950164544,15.01517135794755
2018-02-18,15.18320938640605,14.968476578433545
2018-02-19,15.247304561133129,15.021018716031206
2018-02-20,15.442997154552815,15.210245846509423
2018-02-21,15.178470803818307,14.962929105910383
2018-02-22,14.93504962614635,14.666117430384599
2018-02-23,15.080870467930193,14.846767505089705
2018-02-24,15.028789686805904,14.801175452891178
2018-02-25,15.205661430674672,14.990660001645185
2018-02-26,15.820578469321767,15.607063209140284
2018-02-27,15.945688762203405,15.738949644672413
2018-02-28,15.944824267522064,15.706765088153583
2018-03-01,15.756240396636967,15.532916346136698
2018-03-02,15.54071576381074,15.290684951549126
2018-03-03,13.978545059531925,13.782504057335009
2018-03-04,14.612437995731108,14.392977496072723
2018-03-05,14.824516297822795,14.617536802325095
2018-03-06,14.979636957352643,14.739424979526277
2018-03-07,15.321265296105553,15.059845167419569
2018-03-08,15.045143456962727,14.86785705455296
2018-03-09,14.994439805926275,14.804804639263903
2018-03-10,15.062501158352763,14.8565997451255
2018-03-11,15.283928831854857,15.020626916183145
2018-03-12,15.109740686986973,14.841823081251098
2018-03-13,15.491636438568664,15.284295765311883
2018-03-14,15.742258126221369,15.518394610322975
2018-03-15,15.665091350888607,15.410996606198909
2018-03-16,15.35617487772521,15.128229560451292
2018-03-17,15.743445249317611,15.512752280496604
2018-03-18,15.541105455862521,15.344586040452452
2018-03-19,15.48592581494201,15.313387411039725
2018-03-20,15.616351890277437,15.4480375306686
2018-03-21,15.736369076061262,15.592665024810762
2018-03-22,15.522444682727931,15.409993004850008
2018-03-23,15.203884667407566,15.126835275798479
2018-03-24,15.469460494457795,15.345897931862217
2018-03-25,15.41900384809159,15.313604525230968
2018-03-26,15.629304135104881,15.541134743908342
2018-03-27,15.664013747651454,15.563622466391822
2018-03-28,15.96521117365819,15.871085133551343
2018-03-29,15.811980236910658,15.708382539345962
2018-03-30,16.084596856440946,15.939849632464187
2018-03-31,16.084596856440946,15.939849632464187
2018-04-01,16.048415643804862,15.939849632464187
2018-04-02,16.070269100464067,15.939849632464187
2018-04-03,16.03210810603736,15.928732100224423
2018-04-04,15.143088435613285,15.054303678072861
2018-04-05,14.885399911023638,14.76513325986661
2018-04-06,15.12841980060876,15.006590043533308
2018-04-07,15.352396755878074,15.235545736342761
2018-04-08,15.278167704912379,15.159259020223484
2018-04-09,15.408117110432235,15.314997173209857
2018-04-10,15.770082367724209,15.65975889193407
2018-04-11,15.559325911023333,15.45340970159709
2018-04-12,15.409991015315027,15.268271630848055
2018-04-13,15.416099983751867,15.307352931163438
2018-04-14,15.596371164775297,15.44693595816729
2018-04-15,15.59116623605966,15.380519263118623
2018-04-16,15.844086930703044,15.638561936767733
2018-04-17,16.032493544843483,15.80116298331099
2018-04-18,16.06759690714763,15.830969762474224
2018-04-19,15.713232120366111,15.452910964265932
2018-04-20,15.863637714743739,15.612745766265128
2018-04-21,15.731521700472262,15.467258359054954
2018-04-22,15.76979959871681,15.516692232634693
2018-04-23,16.011805419915717,15.774932744037244
2018-04-24,16.084596856440946,15.900811264912114
2018-04-25,16.071829348468857,15.838752886947152
2018-04-26,15.800900463541314,15.577866748273072
2018-04-27,15.884419363363321,15.654635243271947
2018-04-28,16.084596856440946,15.91359009313519
2018-04-29,16.084596856440946,15.939849632464187
2018-04-30,16.084596856440946,15.939849632464187
2018-05-01,16.084596856440946,15.939849632464187
2018-05-02,16.084596856440946,15.939849632464187
2018-05-03,16.064716660913703,15.861993385684814
2018-05-04,14.940997496359422,14.704146274763533
2018-05-05,15.401142452416826,15.162110967771367
2018-05-06,15.395031713698776,15.165975215752724
2018-05-07,15.543750821043345,15.314533929086155
2018-05-08,15.600868294759524,15.380409047712778
2018-05-09,15.920611776184685,15.682389206475174
2018-05-10,15.796411083805248,15.567788451617405
2018-05-11,15.596215891403908,15.364470691674965
2018-05-12,15.570367433788785,15.34144800222193
2018-05-13,15.59096099667403,15.350437966162561
2018-05-14,15.76483123597692,15.526146388857017
2018-05-15,15.989099479795243,15.757393561801782
2018-05-16,16.056032178492583,15.81696779305041
2018-05-17,16.084596856440946,15.856502753011165
2018-05-18,15.808569447238478,15.576679943446102
2018-05-19,15.750741219467702,15.543206314204415
2018-05-20,15.973531395514275,15.732432724558
2018-05-21,15.646780784817107,15.416549243441343
2018-05-22,15.875657521943875,15.62910645745747
2018-05-23,16.084596856440946,15.939849632464187
2018-05-24,16.016107081671866,15.784058367830246
2018-05-25,15.687066578418007,15.452806152769208
2018-05-26,15.53839833229177,15.340755084231242
2018-05-27,15.67386886660331,15.451737693320558
2018-05-28,15.822189755380796,15.582675446505007
2018-05-29,16.084596856440946,15.883118714243556
2018-05-30,16.084596856440946,15.939849632464187
2018-05-31,16.084596856440946,15.939849632464187
2018-06-01,16.084596856440946,15.939849632464187
2018-06-02,16.084596856440946,15.939849632464187
2018-06-03,16.084596856440946,15.939849632464187
2018-06-04,15.290977998535528,15.056419489879477
2018-06-05,15.52711555869045,15.279665238618609
2018-06-06,15.64629121242842,15.405500688257206
2018-06-07,15.324795454369696,15.09059512973075
2018-06-08,15.58421840672925,15.335069348264618
2018-06-09,15.764046385478364,15.51471613699608
2018-06-10,15.661407562306318,15.44787655150858
2018-06-11,15.871298762070325,15.6621484961543
2018-06-12,16.008169283199308,15.79416071016842
2018-06-13,16.018013168611386,15.791812326034533
2018-06-14,15.760702018825084,15.494797424941636
2018-06-15,15.800421869974587,15.581956938855022
2018-06-16,16.082812206978097,15.841234110163091
2018-06-17,15.92817522615814,15.683293473059154
2018-06-18,16.07504112452556,15.827960493485596
2018-06-19,16.084596856440946,15.939849632464187
2018-06-20,16.084596856440946,15.936634400794471
2018-06-21,15.889984556808097,15.663200401188808
2018-06-22,15.88111134426878,15.650068911178323
2018-06-23,15.884882555272792,15.706059554616289
2018-06-24,15.77757785588968,15.647259725049787
2018-06-25,15.983933924858244,15.915116960345456
2018-06-26,16.084596856440946,15.939849632464187
2018-06-27,16.084596856440946,15.939849632464187
2018-06-28,15.957214579438586,15.93568527061967
2018-06-29,16.084596856440946,15.939849632464187
2018-06-30,16.084596856440946,15.939849632464187
2018-07-01,15.993708399522626,15.939849632464187
2018-07-02,15.903665927481029,15.862322773690808
2018-07-03,16.016401932154224,15.939849632464187
2018-07-04,14.555811421531347,14.52243098045495
2018-07-05,14.895617459955634,14.853176114402293
2018-07-06,14.526983854745584,14.528532324015659
2018-07-07,14.995259438872907,14.964998868807326
2018-07-08,14.827891238271432,14.818052528329313
2018-07-09,15.304082951016749,15.254351217758867
2018-07-10,15.464385260205415,15.40093281117336
2018-07-11,15.687748343051766,15.645899966514136
2018-07-12,15.644673299736398,15.622887464340844
2018-07-13,15.262646552645965,15.253852106722771
2018-07-14,15.398297560895646,15.381289908705986
2018-07-15,15.50061753469915,15.473699020449844
2018-07-16,15.423909310658868,15.366482365432379
2018-07-17,15.558185726268922,15.49946298418856
2018-07-18,15.848782528905755,15.828303492506762
2018-07-19,15.648481360310475,15.592626113224119
2018-07-20,15.566670844653196,15.468497443490437
2018-07-21,15.412813518798062,15.278773550469264
2018-07-22,15.54562890985683,15.3913789111933
2018-07-23,15.627336533068187,15.397426014475593
2018-07-24,15.735625242118251,15.49161163662823
2018-07-25,15.88805331390009,15.646765052077681
2018-07-26,15.681682966648319,15.466545060841733
2018-07-27,15.457024567612086,15.229101669669246
2018-07-28,15.658156959859472,15.438611853787668
2018-07-29,15.702158593887912,15.480294382426637
2018-07-30,15.805364009414776,15.560510288064151
2018-07-31,16.084596856440946,15.939849632464187
2018-08-01,16.084596856440946,15.939849632464187
2018-08-02,16.084596856440946,15.894904068490632
2018-08-03,16.01572317997859,15.769688974775413
2018-08-04,15.741094391479796,15.518461909758155
2018-08-05,14.952638542088314,14.728377190294815
2018-08-06,15.182765960368894,14.930035102512113
2018-08-07,15.253678807019657,15.019973228286268
2018-08-08,15.351758179200498,15.099413305759949
2018-08-09,15.414115329242836,15.196240081557342
2018-08-10,15.125343843244556,14.866115519466092
2018-08-11,15.339622955907288,15.096113484789917
2018-08-12,15.209496961824133,14.972221715143212
2018-08-13,15.261209097639071,15.004825735212274
2018-08-14,15.614184753606771,15.377216930688286
2018-08-15,15.61690216716412,15.385714248033844
2018-08-16,15.489552328776421,15.205739236995669
2018-08-17,15.277533861220181,15.05546683546257
2018-08-18,15.417082903773327,15.1771282183672
2018-08-19,15.420625646443662,15.162813768379408
2018-08-20,15.404101602592805,15.160275721429713
2018-08-21,15.602482305990883,15.361509071937444
2018-08-22,15.77365792448914,15.54932702858741
2018-08-23,15.500523633129989,15.26483110659651
2018-08-24,15.018282055009474,14.782781473211841
2018-08-25,15.366551565003098,15.16018964385412
2018-08-26,15.366878989427482,15.135829189657358
2018-08-27,15.632143161699021,15.384298854770025
2018-08-28,16.084596856440946,15.939849632464187
2018-08-29,16.084596856440946,15.935337510475573
2018-08-30,16.084596856440946,15.939849632464187
2018-08-31,16.084596856440946,15.891936093566747
2018-09-01,15.994151471499682,15.794677594944238
2018-09-02,14.889218331008816,14.722144537126981
2018-09-03,15.131953367429755,14.99446000633528
2018-09-04,14.878688935286192,14.757874642426998
2018-09-05,14.802787219198716,14.670780707890128
2018-09-06,14.613349698748657,14.496887702611616
2018-09-07,14.822665754808035,14.650808390876099
2018-09-08,14.959109312890385,14.86079234521368
2018-09-09,15.303649426322359,15.15301920965481
2018-09-10,15.073598682614234,14.951745556093506
2018-09-11,14.822427725289776,14.714701677224337
2018-09-12,15.178449003278953,15.060709298255134
2018-09-13,14.97814904280393,14.854376518794515
2018-09-14,15.139906687977875,15.042155380708088
2018-09-15,14.973305682908718,14.812035424111802
2018-09-16,15.322667434937104,15.234852098304286
2018-09-17,15.119519537872227,14.97404532082439
2018-09-18,15.071482885239654,14.944716081301715
2018-09-19,14.979808337873193,14.862878273864933
2018-09-20,14.90323258575002,14.784209590175745
2018-09-21,15.036765719312786,14.932593623356917
2018-09-22,14.93651837090184,14.791330938743712
2018-09-23,15.40321539266118,15.309700090536298
2018-09-24,15.408114303580593,15.295936104147248
2018-09-25,15.159504097262632,15.028523588034224
2018-09-26,15.36895651456992,15.214440369497853
2018-09-27,15.539917504240648,15.424578744058014
2018-09-28,15.468381591199364,15.35093527744527
2018-09-29,15.442763327308944,15.285991673706421
2018-09-30,15.508771618884492,15.339787464052954
2018-10-01,15.372008060260137,15.230225243408505
2018-10-02,14.407316269003159,14.118626256924259
2018-10-03,14.402414833675532,14.162486932455277
2018-10-04,14.81846129176974,14.576603901736476
2018-10-05,14.725742761966181,14.463606213177098
2018-10-06,14.584408139724053,14.327310726707012
2018-10-07,14.833424825676882,14.545902924685326
2018-10-08,14.93903063932189,14.694690931998101
2018-10-09,14.833713071042107,14.603526379955731
2018-10-10,14.38029087245869,14.117324836216724
2018-10-11,14.64348416473065,14.405602325186615
2018-10-12,15.150934743064148,14.944744110151971
2018-10-13,15.06445087227526,14.82943067638435
2018-10-14,15.073012340523162,14.825007067850803
2018-10-15,15.094617633119235,14.848681802788136
2018-10-16,15.232967163280641,14.98547047993474
2018-10-17,14.60090951435726,14.358475300633307
2018-10-18,14.676167532413086,14.417495892971125
2018-10-19,14.82843756090404,14.60007334887406
2018-10-20,14.936338657895757,14.70281110590285
2018-10-21,14.902390106431033,14.658278436315562
2018-10-22,15.140021617507523,14.944706479542594
2018-10-23,14.981909191002575,14.767410763384863
2018-10-24,14.686365078675234,14.408954849383614
2018-10-25,14.640229853016265,14.397504913116245
2018-10-26,14.889033600560017,14.66004134352861
2018-10-27,15.073280351366845,14.840924483735623
2018-10-28,15.454135751207193,15.259158181717632
2018-10-29,15.627262401191347,15.395369038684043
2018-10-30,15.546639019105502,15.327171456058087
2018-10-31,15.490866869066899,15.277237297039502
2018-11-01,15.226620750912003,14.980906458167413
2018-11-02,14.10226134690615,13.788496368348191
2018-11-03,14.389375514020614,14.172811750768245
2018-11-04,14.76921351096307,14.56241843861115
2018-11-05,14.796836593808973,14.537985591769
2018-11-06,14.518286695960304,14.323563342963615
2018-11-07,14.576899707487758,14.386371459093839
2018-11-08,14.464418986446857,14.228761120617529
2018-11-09,14.778352870247877,14.528051336100717
2018-11-10,14.691974329274316,14.462809948323743
2018-11-11,15.087624830636347,14.860855995535987
2018-11-12,14.738642125873085,14.535608969246944
2018-11-13,14.47054280577038,14.253930868767812
2018-11-14,14.338689632676942,14.020030970112616
2018-11-15,14.536117835168643,14.267585041351003
2018-11-16,14.528935101154962,14.307347251772596
2018-11-17,14.521553104738073,14.286365175017153
2018-11-18,15.104897822386516,14.915800002752796
2018-11-19,14.591061303334001,14.415910928977295
2018-11-20,14.73016018796709,14.602350064854557
2018-11-21,14.441980938229689,14.417777043551242
2018-11-22,14.34035671903358,14.314896560053851
2018-11-23,14.314487933631032,14.320415187187471
2018-11-24,14.504642819512531,14.451822283115817
2018-11-25,14.550524970593335,14.523305366318466
2018-11-26,14.749233250500167,14.704851044512013
2018-11-27,14.678199366300372,14.612494873927336
2018-11-28,14.36563896266974,14.377157379097552
2018-11-29,14.615923478588854,14.570529074634035
2018-11-30,14.537713569636795,14.53567376209881
2018-12-01,14.011114454306403,14.007524351251806
2018-12-02,13.792296474061475,13.765227332232952
2018-12-03,14.433924628704965,14.375236574110058
2018-12-04,14.289295510238414,14.226696139586535
2018-12-05,13.897113991686428,13.851526381324893
2018-12-06,13.755777443012475,13.760167685619253
2018-12-07,13.99837375970878,14.002517380074325
2018-12-08,14.189262201545743,14.176342250640086
2018-12-09,14.422071549311273,14.398763120452973
2018-12-10,14.357266879386012,14.343212637842726
2018-12-11,14.328792061587103,14.328796736082044
2018-12-12,14.163929201260082,14.158818747555474
2018-12-13,14.289206456137984,14.304794073734369
2018-12-14,14.501674210356475,14.458255426041749
2018-12-15,14.38147226503762,14.316102477550668
2018-12-16,14.486507257976385,14.495067640046113
2018-12-17,14.496396055403219,14.514650978131453
2018-12-18,14.466715236261237,14.410525458337956
2018-12-19,14.252906533001642,14.24591134505474
2018-12-20,14.563079695289472,14.485911881774443
2018-12-21,14.400950978141157,14.373981130390673
2018-12-22,14.219112404611762,14.187990907806324
2018-12-23,14.015499064424777,14.000461837338197
2018-12-24,14.56237594468528,14.534146063719623
2018-12-25,14.150763701793744,14.100387973540336
2018-12-26,14.503357295964753,14.461018617400498
2018-12-27,14.682552304426627,14.664205307961023
2018-12-28,15.349679335740944,15.331388838490621
2018-12-29,15.341002824159318,15.339952134576235
2018-12-30,15.19560589225855,15.155098792798425
2018-12-31,15.157687338622814,15.15341150544883
2019-01-01,14.703707571037823,14.700218750621888
2019-01-02,13.661762230515773,13.323607288546976
2019-01-03,13.906737722686524,13.744742078875891
2019-01-04,14.120590486212688,13.84725559970967
2019-01-05,14.376603374555621,14.11142858414835
2019-01-06,14.32240609103099,14.096512895578151
2019-01-07,14.476185015586411,14.25647864366975
2019-01-08,14.355157308072338,14.113829727866296
2019-01-09,14.435183331010643,14.231743266829955
2019-01-10,14.046345883591131,13.847551577923719
2019-01-11,14.582763991033605,14.329509373826774
2019-01-12,14.54498571887278,14.330948339360754
2019-01-13,15.025850682811521,14.798081751665988
2019-01-14,14.67488852206031,14.407708921442001
2019-01-15,14.223694832453065,13.982337202918837
2019-01-16,14.360685311427957,14.115587483365216
2019-01-17,14.639832073594826,14.412375677596398
2019-01-18,14.203712287753087,14.020205095993354
2019-01-19,14.377527814350433,14.104717602055516
2019-01-20,14.96610555681824,14.738583641604041
2019-01-21,14.648192659479792,14.434249961433489
2019-01-22,14.561517695554723,14.350944742007853
2019-01-23,14.418044883992922,14.129941765937184
2019-01-24,14.74115413133929,14.51608363815571
2019-01-25,14.515838068147023,14.33075123701427
2019-01-26,14.89413083820473,14.68512330744173
2019-01-27,15.295183256809883,15.056583572997257
2019-01-28,15.37330789255701,15.145095049927125
2019-01-29,15.388821169787116,15.160843266374659
2019-01-30,15.192384475715823,14.966584636729504
2019-01-31,15.08449390200948,14.885320640133417
2019-02-01,14.88808180965968,14.653304102233234
2019-02-02,14.502698809318883,14.31531137729705
2019-02-03,14.545769175833811,14.324230043377138
2019-02-04,14.340813194257434,14.161160450764825
2019-02-05,14.315627514072412,14.109621476032716
2019-02-06,14.51823104286628,14.298438433174894
2019-02-07,14.407624435850211,14.220265927600998
2019-02-08,14.450500922917643,14.230688556197533
2019-02-09,14.60589599022095,14.400287877101977
2019-02-10,14.911517926772722,14.69325526583123
2019-02-11,14.930737230209951,14.734080741912457
2019-02-12,14.635487180665612,14.438930048910258
2019-02-13,14.65065655548983,14.44463096375547
2019-02-14,14.900432500031219,14.708125468440645
2019-02-15,14.849829799363636,14.622439986134859
2019-02-16,14.876913070189866,14.664439056709245
2019-02-17,15.112584706229923,14.878591187743233
2019-02-18,15.35890147127977,15.140078110708222
2019-02-19,14.394096408222428,14.220109157428901
2019-02-20,14.960467718748728,14.754320772159012
2019-02-21,14.986752579824303,14.803220000596632
2019-02-22,14.90777976509195,14.691353962621614
2019-02-23,14.992216588613223,14.824940540334586
2019-02-24,15.354416493667793,15.143837454521513
2019-02-25,15.719158910112109,15.513324200568112
2019-02-26,15.45332356845497,15.246224383742122
2019-02-27,15.40709104952087,15.171672658146608
2019-02-28,15.036825650727513,14.817097147833117
2019-03-01,14.616854375584944,14.43707156626626
2019-03-02,13.403348183147555,13.242798289282263
2019-03-03,13.738027291292124,13.538237325095853
2019-03-04,14.465538069913043,14.259903156753033
2019-03-05,14.685271201771858,14.463765513509498
2019-03-06,15.021882107997955,14.825386896147647
2019-03-07,14.70445407219981,14.41335420919778
2019-03-08,14.79641227460045,14.595541882420063
2019-03-09,14.92073206753519,14.71362849228789
2019-03-10,14.801930890470599,14.573826186216392
2019-03-11,14.69931357271025,14.500275389594645
2019-03-12,15.183063200125668,15.013704738155807
2019-03-13,15.45422456277834,15.21032390178972
2019-03-14,15.28961950424906,15.056412146171317
2019-03-15,15.008424096425832,14.76977806808693
2019-03-16,14.768689762354672,14.518948115515542
2019-03-17,15.10966397469375,14.906333713275254
2019-03-18,15.311254180666218,15.112945844333696
2019-03-19,15.337370626087331,15.166523122204719
2019-03-20,15.567581265321333,15.416988517867438
2019-03-21,15.29907184457599,15.192364329116034
2019-03-22,15.09947588439678,15.010711723706299
2019-03-23,15.09170464683908,15.00326344577439
2019-03-24,15.260103189984598,15.141742764053625
2019-03-25,15.307642529164346,15.20485850464269
2019-03-26,15.491680184728546,15.377166597432478
2019-03-27,15.692746084375896,15.60360941699341
2019-03-28,15.486225137469443,15.356048153913791
2019-03-29,15.276252904676765,15.16311579941003
2019-03-30,16.060749653761007,15.939849632464187
2019-03-31,15.83057808230838,15.728642070943549
2019-04-01,15.875039156463357,15.778814647241358
2019-04-02,15.732378959853454,15.645058684994925
2019-04-03,15.730562053050996,15.643949922250679
2019-04-04,14.532507864615166,14.359162321958287
2019-04-05,14.467567786231486,14.400654740137716
2019-04-06,14.630725129874303,14.530160742888997
2019-04-07,14.622467263566408,14.52974569629191
2019-04-08,14.948434826515328,14.836139859887679
2019-04-09,15.19913141094403,15.104876043147849
2019-04-10,15.047026872086604,14.966121828463969
2019-04-11,15.090872229884626,15.002412076542312
2019-04-12,14.93387544980156,14.828358037808256
2019-04-13,14.993789483600196,14.916185331580634
2019-04-14,15.202413673755435,15.106201517044402
2019-04-15,15.059261929429404,14.917375507657093
2019-04-16,15.426132183533468,15.268887067301486
2019-04-17,15.397804705086148,15.162140735812544
2019-04-18,15.056319151078577,14.8048409747193
2019-04-19,15.004208688164256,14.734943420172481
2019-04-20,15.091943765733394,14.851304438141337
2019-04-21,15.269615343422618,15.039452184598764
2019-04-22,15.447047351441682,15.21952248935502
2019-04-23,15.619920071922456,15.404555104090258
2019-04-24,15.610755112222476,15.395864928622682
2019-04-25,15.261104020433432,15.011067172310911
2019-04-26,15.19769395062069,14.936216863030134
2019-04-27,15.376907055546198,15.135200598985804
2019-04-28,15.534539667489554,15.29517501814831
2019-04-29,16.080835926928426,15.84886348213414
2019-04-30,15.902415552411417,15.685349504374019
2019-05-01,15.948801463500972,15.746694944665032
2019-05-02,15.870710722356774,15.613742864773164
2019-05-03,15.207361328609855,14.989367604067473
2019-05-04,14.531096476460934,14.287550743271208
2019-05-05,14.715832240583032,14.451611368995309
2019-05-06,14.943387103881689,14.75004051919409
2019-05-07,14.983897827303307,14.716062441396513
2019-05-08,14.972272241325605,14.75144080971567
2019-05-09,15.062181869937895,14.852559068112985
2019-05-10,15.033373604657136,14.79742340617461
2019-05-11,14.985902329242945,14.746728703549847
2019-05-12,15.12178159955601,14.868678361930494
2019-05-13,15.382531477460825,15.147439349562475
2019-05-14,15.396994910845109,15.159417708063918
2019-05-15,15.427564794834785,15.191710425690077
2019-05-16,15.376471740503288,15.134356458844255
2019-05-17,15.40270437065237,15.188660850550812
2019-05-18,15.253466055684472,15.036633746084256
2019-05-19,14.950319167199636,14.693006455905717
2019-05-20,15.391155222512799,15.172328414156103
2019-05-21,15.291869868962733,15.081104738946156
2019-05-22,15.585982496973289,15.357970188262884
2019-05-23,15.436736792298786,15.218157193891585
2019-05-24,15.264210462353445,15.04744599715936
2019-05-25,14.810191372371301,14.529274206131143
2019-05-26,15.006592371351276,14.776645079208889
2019-05-27,15.121838192898961,14.948173599954723
2019-05-28,15.352359461266765,15.134045095117282
2019-05-29,15.716751750993833,15.444828082966406
2019-05-30,16.084596856440946,15.939849632464187
2019-05-31,15.986563799632298,15.757947488085986
2019-06-01,15.948942783117023,15.728366624711706
2019-06-02,15.824421886785386,15.624243850001633
2019-06-03,15.640194898960317,15.410482992030751
2019-06-04,15.112260256944658,14.876680997561813
2019-06-05,14.952120125797979,14.67199800588169
2019-06-06,15.043261722933263,14.811627289724838
2019-06-07,14.848737592006058,14.63409225788761
2019-06-08,14.995311488241986,14.761853562536407
2019-06-09,15.263582976614266,15.055784114581016
2019-06-10,15.380606671963081,15.137329534620099
2019-06-11,15.242022181190627,15.005883811174725
2019-06-12,15.379977064381723,15.166891520319007
2019-06-13,14.960194280305794,14.705180117972537
2019-06-14,15.015859697741005,14.808570123615018
2019-06-15,15.29749228683508,15.075752752899422
2019-06-16,15.189958086658214,14.980709992903783
2019-06-17,15.24206560570061,14.993180592467152
2019-06-18,15.432269521981654,15.230075705295878
2019-06-19,15.545405171290954,15.316457742957624
2019-06-20,15.248117368633254,15.013905003135795
2019-06-21,15.153783065063887,14.933298005869819
2019-06-22,15.330841152665316,15.077112592278839
2019-06-23,15.08763348156125,14.936844278697926
2019-06-24,15.200874111016713,15.049067572946822
2019-06-25,15.55400832834618,15.453003449260256
2019-06-26,15.549337128810757,15.479442576119464
2019-06-27,15.104939360555237,15.09744319335846
2019-06-28,15.356693672182608,15.345427449789142
2019-06-29,15.764949856524852,15.750678414647666
2019-06-30,15.413896168097638,15.347467561514422
2019-07-01,15.409892993333505,15.398987230840996
2019-07-02,15.39928866547826,15.381233852524163
2019-07-03,15.401971524559759,15.374970228844424
2019-07-04,14.213876546849525,14.163209665336007
2019-07-05,14.426326067338007,14.397476319789378
2019-07-06,14.330528631119916,14.329833538840989
2019-07-07,14.561462447898482,14.566385627682314
2019-07-08,14.798264659765389,14.765009386463058
2019-07-09,14.75882532498893,14.685353860521467
2019-07-10,14.90432112633612,14.887157381150976
2019-07-11,15.100169584094877,15.097047946257717
2019-07-12,14.685096202983676,14.616043549885434
2019-07-13,14.556957496750025,14.474136146387313
2019-07-14,14.787850944787907,14.714365384046122
2019-07-15,14.906823937618338,14.890331923647727
2019-07-16,14.974595218428,14.963892863922247
2019-07-17,15.19155350746073,15.17558623363673
2019-07-18,15.100664212495285,15.082539797555901
2019-07-19,14.685388453983387,14.62855547440289
2019-07-20,15.06368240910502,14.953117402803846
2019-07-21,14.857002777939604,14.714466205731958
2019-07-22,15.050701193407232,14.820284074110559
2019-07-23,15.044328419845623,14.787699650811764
2019-07-24,15.359781564134884,15.130038206733829
2019-07-25,15.24613239501869,15.036120632183165
2019-07-26,14.905548995995504,14.640858076938995
2019-07-27,14.691169623038038,14.47680373918181
2019-07-28,14.956697010806442,14.709482451216017
2019-07-29,14.948765989705622,14.729131116095383
2019-07-30,15.018633066891518,14.978381888094148
2019-07-31,15.524908421423854,15.622006754588904
2019-08-01,15.309647410839489,15.487219801526859
2019-08-02,15.186418157684848,15.333303669477946
2019-08-03,14.719992774950148,15.036938728098777
2019-08-04,14.729764504999737,15.096680511661706
2019-08-05,13.858014529168349,14.193446224484934
2019-08-06,14.43507910778307,14.786519308557256
2019-08-07,14.775876822339258,15.107820971944387
2019-08-08,14.545716414234935,14.843088439056622
2019-08-09,14.132591048437515,14.476946649824969
2019-08-10,14.263298211003596,14.602601139256882
2019-08-11,14.668425318278153,15.007162274472236
2019-08-12,14.327164002991676,14.644307389180248
2019-08-13,14.21483330030848,14.591135078535332
2019-08-14,14.94729889486074,15.24331067818413
2019-08-15,14.722978438701062,15.071906718417402
2019-08-16,14.419630871799018,14.729035488533802
2019-08-17,14.510595539774025,14.821244909526216
2019-08-18,14.482001517315693,14.859098995344894
2019-08-19,14.663080441349868,15.00651533167779
2019-08-20,14.638876686682073,14.933711585042895
2019-08-21,14.881083402545487,15.195563109457636
2019-08-22,15.00326003692339,15.274961338297809
2019-08-23,14.469673829730572,14.724231898138756
2019-08-24,14.370544499540392,14.682915226270797
2019-08-25,14.667293897816341,14.905095145958397
2019-08-26,14.264139779689216,14.55375573789124
2019-08-27,14.712495828854594,15.038078640445416
2019-08-28,15.464498148667468,15.790377960822067
2019-08-29,15.320479472775776,15.616429139173789
2019-08-30,15.455876048060645,15.727320775569417
2019-08-31,15.436417034290892,15.66685693115795
2019-09-01,15.320818100023711,15.53390143368212
2019-09-02,14.236937115022368,14.23706220772469
2019-09-03,14.282272758200609,14.132364136794452
2019-09-04,13.676495253285806,13.586695931458097
2019-09-05,14.430279180385412,14.367841187745055
2019-09-06,14.536062586749136,14.412447530816264
2019-09-07,14.536339060956426,14.415139667932477
2019-09-08,14.844883430470077,14.767395566180339
2019-09-09,15.09266563954916,14.922669995466157
2019-09-10,14.660327333003151,14.558841721353154
2019-09-11,14.763074919950979,14.615240929409959
2019-09-12,14.62177624103008,14.536097389182332
2019-09-13,14.772167546606008,14.674589471278356
2019-09-14,14.720287435078543,14.559432251618022
2019-09-15,14.810497055099873,14.672211675966434
2019-09-16,15.032699203082151,14.932640812503012
2019-09-17,14.607885647631694,14.458037896264239
2019-09-18,14.612276943480172,14.442796401518063
2019-09-19,14.827415230775397,14.683997810535347
2019-09-20,14.430655315137772,14.295546705279776
2019-09-21,15.130123518883437,15.013237256924835
2019-09-22,14.967631527737613,14.814471093824432
2019-09-23,14.94673526339727,14.84056203655306
2019-09-24,14.896437152650897,14.737823917353618
2019-09-25,14.879647092202815,14.725025687198452
2019-09-26,14.883149042848183,14.774882028115265
2019-09-27,15.189273674987858,15.086398537259818
2019-09-28,15.15437079482688,15.054836200040613
2019-09-29,15.272378618404119,15.140841354833233
2019-09-30,15.278562548329793,15.08713036209805
2019-10-01,15.057235979086439,14.861721331377325
2019-10-02,14.141474749381436,13.886091362684313
2019-10-03,14.098272807912032,13.848062797727936
2019-10-04,14.439419454783287,14.206326624212686
2019-10-05,14.463150069817024,14.2214631139171
2019-10-06,14.685732404428991,14.413942405763306
2019-10-07,14.508301019907698,14.22881276893168
2019-10-08,14.20139636983602,14.000927361203429
2019-10-09,14.1503318968892,13.966121841511848
2019-10-10,14.192924937316228,13.978568141861716
2019-10-11,14.528661698492792,14.287195816229024
2019-10-12,14.258631861133495,14.03339845850937
2019-10-13,14.509786161615338,14.274228265101781
2019-10-14,14.38987178136015,14.195985578740844
2019-10-15,14.518057714989894,14.25280901226262
2019-10-16,14.196757704317534,13.947890678128907
2019-10-17,14.13182356299927,13.86133553984643
2019-10-18,14.318486005567582,14.06144254910646
2019-10-19,14.849166328813038,14.635079962032943
2019-10-20,14.8610180914874,14.687916714568281
2019-10-21,14.812885050505125,14.58040352326591
2019-10-22,14.610620436632505,14.424720545929322
2019-10-23,14.380337003954068,14.121879024661741
2019-10-24,14.520043197504052,14.32612918630819
2019-10-25,14.974636139899085,14.699842376914177
2019-10-26,14.757985604897007,14.553272756029111
2019-10-27,14.828532179955756,14.610819623512933
2019-10-28,15.330490566903395,15.119994062280858
2019-10-29,15.244295748324815,15.063260864033076
2019-10-30,15.204589373889311,15.010430834521214
2019-10-31,15.17715948500587,14.978948970158424
2019-11-01,14.714603764475676,14.435845828426796
2019-11-02,14.039993036515222,13.826558632610846
2019-11-03,14.173044614759851,13.853373455472207
2019-11-04,14.048661753340705,13.81108280993962
2019-11-05,14.29340067569599,14.094143845872857
2019-11-06,14.072682055632688,13.792869932357839
2019-11-07,14.48156435513848,14.234339747601055
2019-11-08,13.919613098703339,13.713547231984272
2019-11-09,14.653356050865398,14.444604731505592
2019-11-10,14.91799848662789,14.670962229781757
2019-11-11,14.553773651367992,14.352643349736486
2019-11-12,14.559869644099791,14.358361111451936
2019-11-13,14.702309301044817,14.507470418939205
2019-11-14,14.635250476766812,14.384632114017386
2019-11-15,14.57678479596901,14.324102735444917
2019-11-16,14.47901447641604,14.245142137022537
2019-11-17,14.767458488130956,14.559487868167537
2019-11-18,14.557301272896408,14.423070361710364
2019-11-19,14.080745505767037,13.890340218209916
2019-11-20,14.007378015655808,13.870016631345926
2019-11-21,14.3797565072823,14.33157658082237
2019-11-22,14.35624103282786,14.336215541748231
2019-11-23,14.05888250474606,14.089154672737884
2019-11-24,14.229990318390852,14.286536988969914
2019-11-25,14.416385836476023,14.401184854497545
2019-11-26,14.32160905846745,14.30592302778061
2019-11-27,14.33064515874012,14.36385503985714
2019-11-28,14.641099729215881,14.685125516169121
2019-11-29,14.362288243272927,14.382731365717728
2019-11-30,14.350216237944638,14.2798616919162
2019-12-01,14.266619998408602,14.248118503676595
2019-12-02,13.752626230560193,13.725531450707196
2019-12-03,13.86376104319989,13.864423714569826
2019-12-04,13.602502085287794,13.562268120839642
2019-12-05,13.278199282156345,13.216332440131215
2019-12-06,13.843780773052332,13.780874495222063
2019-12-07,13.820171558604457,13.806606040157954
2019-12-08,13.80792544358006,13.83132005665697
2019-12-09,14.165587592490322,14.162252466240275
2019-12-10,13.713397087168106,13.645497274642992
2019-12-11,13.828822835097947,13.800131778408275
2019-12-12,13.7408408573014,13.737622170575493
2019-12-13,14.136102176717065,14.115886735754197
2019-12-14,13.941247742007516,13.911246747013774
2019-12-15,13.97963258681137,13.97882268329904
2019-12-16,14.70817079190454,14.705595662217869
2019-12-17,14.22748979631426,14.198655091806769
2019-12-18,13.89409293217745,13.927898631391734
2019-12-19,14.378176347056641,14.36338174441959
2019-12-20,14.280437880790732,14.233992057431111
2019-12-21,14.288267892281628,14.258361877042269
2019-12-22,14.507854491007292,14.534980197802353
2019-12-23,14.255868244296828,14.214213775935498
2019-12-24,14.232177141310691,14.218979214488563
2019-12-25,14.077622429044773,14.068885252438502
2019-12-26,13.776964357276304,13.630464228346181
2019-12-27,14.515782943851802,14.546776763310898
2019-12-28,15.06908150281596,15.086950943913786
2019-12-29,15.013530296905977,15.00013194456368
2019-12-30,15.08995280910306,15.066438801523578
2019-12-31,14.83735953114725,14.837208389211218
2020-01-01,14.442421179202132,14.416176719368066
2020-01-02,12.633608623519676,12.518897400007589
2020-01-03,13.549469761327325,13.319739165160446
2020-01-04,13.697004044410859,13.464744337372723
2020-01-05,14.06643196346629,13.835772501327304
2020-01-06,13.785858725495553,13.56617327669657
2020-01-07,13.546674393861107,13.309019791779058
2020-01-08,13.917424575263878,13.704160071531035
2020-01-09,13.870316495789961,13.677767600566588
2020-01-10,13.866713475767984,13.604325406615901
2020-01-11,14.209228537945435,14.012437337347158
2020-01-12,14.135690013708581,13.889684162249875
2020-01-13,14.41632260089005,14.185764636715314
2020-01-14,14.03378324184076,13.794049467377803
2020-01-15,14.137598448428093,13.833450392515331
2020-01-16,13.845987288295456,13.586690865296063
2020-01-17,14.420188175261192,14.173944371185152
2020-01-18,14.384702173820685,14.096352945508388
2020-01-19,14.237487033436595,14.026891318110996
2020-01-20,14.377446161616739,14.120860731230609
2020-01-21,14.108000297541711,13.872833226091526
2020-01-22,14.233843584808637,14.046117079907551
2020-01-23,13.819744850680527,13.54824881741473
2020-01-24,14.348711496825379,14.134172856422039
2020-01-25,14.415487057359563,14.156910511990114
2020-01-26,14.71421215192611,14.495476541990888
2020-01-27,14.93493163424613,14.690158879702631
2020-01-28,14.829329901647272,14.565465494779872
2020-01-29,14.789852819620464,14.536479717827648
2020-01-30,14.726670449560613,14.547002034081926
2020-01-31,14.311251412539047,14.022238662045579
2020-02-01,14.196645240551078,13.948400332295796
2020-02-02,13.904542781667027,13.647997094166305
2020-02-03,14.090163164388015,13.857785726515512
2020-02-04,13.844698301080633,13.600058364676947
2020-02-05,14.2757368065251,14.064316241976215
2020-02-06,14.170694294605864,13.978294330887932
2020-02-07,14.193527631792008,13.954905815727543
2020-02-08,14.596766179768737,14.417651226143839
2020-02-09,14.536168123803185,14.236689520882885
2020-02-10,14.644934994687556,14.42910343739412
2020-02-11,14.008895992055027,13.786711507738062
2020-02-12,14.093904678116768,13.90748402257549
2020-02-13,14.273841797902438,14.117364079405583
2020-02-14,14.527254089542016,14.31748472693159
2020-02-15,14.519465454193206,14.272462559051906
2020-02-16,14.863019688553745,14.628284726388626
2020-02-17,14.923211370593084,14.673506675944063
2020-02-18,14.460659289115931,14.213282193730501
2020-02-19,14.766346060870847,14.52859922382624
2020-02-20,14.594493146833642,14.319848395484659
2020-02-21,14.444270283308951,14.210884352948403
2020-02-22,14.851045451308188,14.647947365027969
2020-02-23,15.11309627163649,14.895046198949222
2020-02-24,15.407531670670826,15.174950310313418
2020-02-25,15.172217540209312,14.9452749000106
2020-02-26,15.144180361321899,14.964791157091494
2020-02-27,14.84505968696099,14.634025978091536
2020-02-28,14.317249187774527,13.996900130595877
2020-02-29,12.99567952676028,12.872984777056026
2020-03-01,13.260723328753544,12.986140434377061
2020-03-02,13.492398221123143,13.300211878316812
2020-03-03,13.757058765718016,13.544709292891547
2020-03-04,14.462412538933462,14.224693951340518
2020-03-05,14.662760582921667,14.42710741371687
2020-03-06,14.228523039527357,13.974156299845513
2020-03-07,14.442418363754829,14.242298353178388
2020-03-08,14.693914412810104,14.430479141067128
2020-03-09,14.776655872136066,14.553012834683877
2020-03-10,14.585857982530541,14.32714106572422
2020-03-11,15.04902656635185,14.805963083400895
2020-03-12,15.33903420481642,15.148338591685444
2020-03-13,14.921367047268644,14.678182295210693
2020-03-14,14.905301405210366,14.691571819740902
2020-03-15,14.9852940043747,14.786167842725579
2020-03-16,15.157320865423797,14.96555428781056
2020-03-17,15.020609284202179,14.768680779851012
2020-03-18,15.288307335533682,15.106535098465397
2020-03-19,15.248821518559982,15.041710289771032
2020-03-20,15.366243482405393,15.208330709718972
2020-03-21,15.146985750311103,15.028815506065511
2020-03-22,15.113033400317082,15.011953018285396
2020-03-23,15.341533771781432,15.254785695123338
2020-03-24,15.144457093483412,15.065842385057355
2020-03-25,15.51535954187224,15.407579798508092
2020-03-26,15.42015216047141,15.316475941892215
2020-03-27,15.481829727500608,15.377973015447692
2020-03-28,15.228229969162122,15.103762678849174
2020-03-29,15.395195219852983,15.25171212341758
2020-03-30,15.974358683880181,15.859915348701074
2020-03-31,15.882015690205115,15.776383751648195
2020-04-01,15.985228090519877,15.88963420341571
2020-04-02,15.840721624909824,15.714829350200517
2020-04-03,15.730196977612824,15.607994001726178
2020-04-04,14.769578977715978,14.699944896434618
2020-04-05,14.635532805006482,14.564718663677048
2020-04-06,14.592316066573005,14.50173974932247
2020-04-07,14.90427812936857,14.803664972600535
2020-04-08,15.261328259418578,15.163755709652355
2020-04-09,15.173403554128582,15.047246386096113
2020-04-10,14.92189071844551,14.830817673177863
2020-04-11,15.13263977561639,15.019317870597215
2020-04-12,14.882923671280894,14.767831580540593
2020-04-13,15.188583707779104,15.097849271692189
2020-04-14,15.152787837420906,15.031386849836947
2020-04-15,15.347803741192626,15.174412684040009
2020-04-16,15.29164347271601,15.095518627806078
2020-04-17,15.332607776702853,15.126488683812925
2020-04-18,15.172500907505722,14.938621017555972
2020-04-19,15.50577363064527,15.286832022454378
2020-04-20,15.126373983738889,14.887956309348487
2020-04-21,15.143308640113396,14.912408247547123
2020-04-22,15.548484166838238,15.30602310903635
2020-04-23,15.45896820495685,15.231345257563023
2020-04-24,15.13809177722738,14.90416688343002
2020-04-25,15.114296968822433,14.865786173620291
2020-04-26,15.342734125593573,15.114308363505344
2020-04-27,15.512140719696289,15.275309159028266
2020-04-28,15.427770526649178,15.190150155410281
2020-04-29,16.084596856440946,15.903388319462938
2020-04-30,15.841211422066527,15.619383083674132
2020-05-01,15.645255899718006,15.420943981123111
2020-05-02,15.401325819694577,15.19642309300318
2020-05-03,15.34479413299447,15.102606589211502
2020-05-04,14.344167084100862,14.06703682602777
2020-05-05,14.570416187903415,14.324895488429876
2020-05-06,14.815789934973722,14.558133358191537
2020-05-07,15.133471357882984,14.940857019348421
2020-05-08,15.172697279778316,14.933164122082283
2020-05-09,14.531262265262843,14.263345460532122
2020-05-10,15.092216885607442,14.8512929804677
2020-05-11,14.83891785553746,14.570003450880604
2020-05-12,15.01952806029124,14.75351465913135
2020-05-13,14.963208284664516,14.677474354400903
2020-05-14,15.20561187841008,14.985742350830707
2020-05-15,15.443763806561448,15.251936640106507
2020-05-16,15.152630956273455,14.951402182942797
2020-05-17,15.07752363767594,14.854549680800647
2020-05-18,14.914414810673401,14.703293179786476
2020-05-19,14.923236923632317,14.710444095949509
2020-05-20,15.120912928580372,14.920731964882554
2020-05-21,15.319327796457872,15.109659141772996
2020-05-22,15.446327705175953,15.160728050940554
2020-05-23,15.205652921019272,15.013445052335321
2020-05-24,15.363211576236331,15.141171305196051
2020-05-25,15.292304517025986,15.021546491574613
2020-05-26,15.18628945182051,14.986540638378443
2020-05-27,15.297201422435233,15.092760963996083
2020-05-28,15.779156109442166,15.535953089296841
2020-05-29,15.902185473106996,15.633072249953834
2020-05-30,15.963912607107352,15.749550480960794
2020-05-31,15.771110906446035,15.559900286992958
2020-06-01,15.821660968592532,15.608588076516895
2020-06-02,15.007958967818652,14.782830906466055
2020-06-03,15.067452709681701,14.86446975024402
2020-06-04,14.901534886324333,14.609643495363835
2020-06-05,14.712526837273415,14.529852513979371
2020-06-06,14.6302562548567,14.425578665338351
2020-06-07,14.80643845879996,14.541047089233473
2020-06-08,14.941885937224777,14.715577342461765
2020-06-09,15.018907651600609,14.774356038912057
2020-06-10,15.153146272015979,14.92664480530815
2020-06-11,15.20856263172338,14.949002065790982
2020-06-12,14.85692455552676,14.624368014163668
2020-06-13,14.859361746350404,14.658952386263564
2020-06-14,15.149868162456025,14.94011132166924
2020-06-15,15.18197691706605,14.951058116815984
2020-06-16,15.102211254242865,14.897476342535493
2020-06-17,15.39750761033306,15.134910534411356
2020-06-18,15.24776998690036,15.018351934467077
2020-06-19,14.901003425479619,14.661061715181871
2020-06-20,14.598958912359873,14.400547752088936
2020-06-21,15.061775453927977,14.823822014403168
2020-06-22,14.936798072820999,14.720809019594894
2020-06-23,15.002482597767985,14.814578348073523
2020-06-24,15.42170343696794,15.267705139251154
2020-06-25,15.315329192405443,15.18904953141006
2020-06-26,15.079345140745032,14.95619556267429
2020-06-27,14.8979971875953,14.87796876335946
2020-06-28,15.210056833196296,15.2112478514305
2020-06-29,15.468657101611138,15.429156904503945
2020-06-30,15.521472102762166,15.522053747142586
2020-07-01,15.381163893845807,15.349723949597683
2020-07-02,15.397978504506373,15.364749318431805
2020-07-03,15.12302517270582,15.142860821270924
2020-07-04,13.46789273137223,13.407585732229485
2020-07-05,14.156313048346314,14.110928898178068
2020-07-06,14.5465862662038,14.501949010245703
2020-07-07,14.52059132913974,14.542203132283198
2020-07-08,14.429831883102253,14.4015150802376
2020-07-09,14.873912873122391,14.875010244434902
2020-07-10,14.71417964463083,14.63563250714011
2020-07-11,14.837163840294185,14.777716536819437
2020-07-12,14.671401813424866,14.671144653759542
2020-07-13,14.799146150768324,14.743263957721359
2020-07-14,14.622614659485587,14.603579038179005
2020-07-15,14.78208321316264,14.760725898788904
2020-07-16,15.067392309730778,15.044353978549184
2020-07-17,14.901879943876684,14.883699449503041
2020-07-18,14.588955064548983,14.558752503712507
2020-07-19,14.770323455217863,14.707451300545992
2020-07-20,14.6819850051874,14.582412552610686
2020-07-21,14.933973234225931,14.753949951278491
2020-07-22,14.947852070015953,14.699839110157678
2020-07-23,15.172112404728555,14.935942040597757
2020-07-24,15.175970000498154,14.952717020602257
2020-07-25,14.818630949651826,14.59726040956695
2020-07-26,14.863766786587693,14.617033432459928
2020-07-27,14.856312619231653,14.643886595889947
2020-07-28,14.689152874259536,14.434694775856114
2020-07-29,14.96573733609794,14.655865172568348
2020-07-30,15.239012393088506,15.02447913660318
2020-07-31,15.540149143513771,15.318753993758403
2020-08-01,15.629119964181823,15.406708596686471
2020-08-02,15.491781669871667,15.24735076423267
2020-08-03,15.29659552757105,15.052015053735648
2020-08-04,15.00893399891288,14.767694156463136
2020-08-05,14.614576812659212,14.366332968660373
2020-08-06,14.91127579428902,14.652013584648996
2020-08-07,15.002670182599527,14.750785959168772
2020-08-08,14.711456739808646,14.55212265345149
2020-08-09,14.892322493009093,14.671001507432274
2020-08-10,14.885286006246982,14.656570304572234
2020-08-11,14.74493050328022,14.562506353796682
2020-08-12,15.261294537027325,15.089370447448918
2020-08-13,15.05043619145369,14.794678950009677
2020-08-14,15.11992313864418,14.873034771576954
2020-08-15,14.754114656706129,14.54402545668567
2020-08-16,14.769653936846591,14.546465944944014
2020-08-17,15.109246308239499,14.877610330733539
2020-08-18,14.991235058440417,14.729200494700871
2020-08-19,15.003319915755744,14.749213513375048
2020-08-20,15.087800090443768,14.88361121165654
2020-08-21,15.186536309875807,14.957710632024428
2020-08-22,14.717743220608117,14.509089475312479
2020-08-23,14.856644223883976,14.63994074041159
2020-08-24,14.984147562917675,14.783228138707184
2020-08-25,14.702708645088597,14.466553589061164
2020-08-26,14.97708350484872,14.777233051357738
2020-08-27,15.307368867048236,15.117169527205057
2020-08-28,15.802910782781007,15.595212577422526
2020-08-29,15.832684702883384,15.622063209845441
2020-08-30,15.95326765644417,15.728838549585028
2020-08-31,15.829192928482998,15.655197968961186
2020-09-01,15.615152035722335,15.439290107712708
2020-09-02,14.176622980714507,14.064426895344548
2020-09-03,14.258725130803668,14.17692459563803
2020-09-04,14.1697640385255,14.03790324344928
2020-09-05,14.274117282260361,14.186547575799636
2020-09-06,14.791618474235577,14.681717966298718
2020-09-07,14.72342020243845,14.585220255815823
2020-09-08,14.748715880179486,14.596396600832225
2020-09-09,14.49830991903291,14.402861577986942
2020-09-10,14.961645267872681,14.831441325907713
2020-09-11,14.503814222615995,14.41507741864909
2020-09-12,14.847352254053513,14.773108317431124
2020-09-13,14.622029690752338,14.487026623763253
2020-09-14,14.856813608477843,14.772417943597713
2020-09-15,14.88522170651702,14.72223818476368
2020-09-16,14.505973845102249,14.415353557857582
2020-09-17,14.418547149388713,14.302225116108671
2020-09-18,14.77110703014603,14.619160139005423
2020-09-19,14.406951083823193,14.274645183005669
2020-09-20,14.663473972535433,14.572962910563007
2020-09-21,14.941094758831696,14.817491883978274
2020-09-22,14.854977295035445,14.701787962315917
2020-09-23,14.628230802235134,14.555294848439672
2020-09-24,14.519407744601414,14.446405247760302
2020-09-25,14.766023110089321,14.666380203354612
2020-09-26,14.612769177910979,14.52146792657968
2020-09-27,15.178479977867278,15.067080786857053
2020-09-28,15.359113189898366,15.241977825392237
2020-09-29,15.166943901233505,15.04466046530102
2020-09-30,14.974062873382769,14.857758318758034
2020-10-01,14.535275297216483,14.404098640534338
2020-10-02,13.647030508004768,13.419170925758465
2020-10-03,14.414138889035454,14.152634453638168
2020-10-04,14.08236537096359,13.846282061479501
2020-10-05,14.204877638664547,13.91693995890572
2020-10-06,14.615497537003499,14.395350156194548
2020-10-07,14.550092575618097,14.306177779553707
2020-10-08,14.402531874506485,14.162958257519794
2020-10-09,14.335517097847935,14.154966602884384
2020-10-10,14.52030881535799,14.274318473439363
2020-10-11,14.184995756105657,13.978796226442576
2020-10-12,14.43420231370812,14.200989200679071
2020-10-13,14.937641427227387,14.705825862593061
2020-10-14,14.781402774322318,14.523653685158934
2020-10-15,14.417902264780139,14.220621970196092
2020-10-16,14.610171414071214,14.411471169402018
2020-10-17,14.520676483189327,14.300315326666283
2020-10-18,14.697686563718552,14.509106837664103
2020-10-19,14.402709700308812,14.19083885334835
2020-10-20,14.674956136574322,14.403403195028924
2020-10-21,14.589447496317085,14.382081542347255
2020-10-22,14.68444162541618,14.477769877324963
2020-10-23,14.088110398204217,13.80027055684077
2020-10-24,14.705544234745794,14.476039067054
2020-10-25,14.53132708618161,14.282416951975021
2020-10-26,14.683999585381693,14.447588796762295
2020-10-27,14.991799884468108,14.79684596785699
2020-10-28,15.235896249417404,14.993197528997493
2020-10-29,15.027793449669334,14.836989693485833
2020-10-30,14.77345689009286,14.531342659000098
2020-10-31,14.946791587931754,14.69897871447908
2020-11-01,14.50883417295875,14.317320994773715
2020-11-02,14.291289067941895,14.05968674059379
2020-11-03,13.954377578276981,13.76532412446435
2020-11-04,14.204627073125705,13.94731739439623
2020-11-05,14.108411466072063,13.877503673554047
2020-11-06,13.48304572695641,13.193985934900876
2020-11-07,14.047421626031289,13.82759673498612
2020-11-08,14.195936622648501,13.957663656636532
2020-11-09,14.426005575431368,14.220997572499158
2020-11-10,14.168852588913877,13.939008370908041
2020-11-11,14.430958627481495,14.228216070965075
2020-11-12,14.37066544514621,14.214465937021554
2020-11-13,14.444070981556653,14.204710861694217
2020-11-14,14.224574734980306,13.97330047629416
2020-11-15,14.415963521104725,14.18859100471601
2020-11-16,14.332978073452042,14.069692507639768
2020-11-17,14.34511865943899,14.134540319509059
2020-11-18,14.351005547221156,14.194106008438263
2020-11-19,14.144196402013856,13.952721780452386
2020-11-20,14.381436106000244,14.318567864333296
2020-11-21,14.060273508773586,13.990334242501895
2020-11-22,14.153990741595635,14.167897193236692
2020-11-23,14.042244830914587,14.101948526840037
2020-11-24,14.026394490310834,14.040119123620729
2020-11-25,13.832160033022276,13.826524342951572
2020-11-26,13.818540104251138,13.880275594070392
2020-11-27,14.540483251388487,14.546289805832275
2020-11-28,14.55874920800945,14.56615717615339
2020-11-29,14.344174221664298,14.311905149470709
2020-11-30,14.134909384157913,14.168898864823534
2020-12-01,13.963959769552586,13.896064977767747
2020-12-02,12.823024912403396,12.811150207542173
2020-12-03,13.178005215157231,13.14151175150787
2020-12-04,13.37809655085755,13.357395862434634
2020-12-05,13.39024005135609,13.45981343580197
2020-12-06,13.535333254157214,13.503408325803465
2020-12-07,13.63221658452647,13.660863831793035
2020-12-08,14.076071150639471,14.019744565464505
2020-12-09,13.959467714197979,13.942604926078403
2020-12-10,13.453970110924656,13.451254794946445
2020-12-11,13.471190971274904,13.479664087510567
2020-12-12,13.931116941987874,13.923922685714032
2020-12-13,13.750602496555107,13.70366845993865
2020-12-14,14.286264961558405,14.244865686753373
2020-12-15,14.119910106464689,14.112352507854112
2020-12-16,14.12897094122764,14.136663232746406
2020-12-17,13.915072205639731,13.915599474125411
2020-12-18,14.039699258919272,13.975504907389825
2020-12-19,14.315335752256482,14.288583939445674
2020-12-20,14.390925676568655,14.374483893857285
2020-12-21,14.528522550161423,14.521419346704892
2020-12-22,14.533695413524928,14.487328049462493
2020-12-23,14.490904192825683,14.526514689906305
2020-12-24,14.016870127916082,13.994514199894573
2020-12-25,13.998048333048036,13.981875456731851
2020-12-26,13.910810737718599,13.930451630176584
2020-12-27,14.232492689813217,14.252961281736553
2020-12-28,15.104136617344505,15.113058663517139
2020-12-29,14.894169662603108,14.885436993659733
2020-12-30,14.873695440918391,14.873912533052748
2020-12-31,14.582774864564616,14.584234539634625
2021-01-01,14.25597756303503,14.252186552708908
2021-01-02,12.84376369489752,12.648382119873476
2021-01-03,13.426748513759017,13.154461070438167
2021-01-04,13.616910876471461,13.355447231798657
2021-01-05,13.976206550421496,13.775900953202452
2021-01-06,13.923693930609668,13.717310191591551
2021-01-07,13.63859080909998,13.445013585528802
2021-01-08,13.838537530487551,13.652482016283324
2021-01-09,13.657370579790438,13.458771726270477
2021-01-10,13.981643161270798,13.800262748717094
2021-01-11,14.231182465684848,13.999013391775723
2021-01-12,13.876425622304078,13.675159495592002
2021-01-13,13.883876899889229,13.66006343478405
2021-01-14,13.546883434674214,13.35198559277944
2021-01-15,13.792246823541099,13.565772191331185
2021-01-16,13.985907641651226,13.728002381226446
2021-01-17,14.017715784522013,13.781945056713875
2021-01-18,14.732603839709112,14.465833772645915
2021-01-19,14.514152310677476,14.317503994541411
2021-01-20,14.282606965332791,14.011511967439452
2021-01-21,14.34508467126547,14.038693684495374
2021-01-22,14.297962941432347,14.052901318087306
2021-01-23,14.371863468500148,14.161132295666299
2021-01-24,14.437542126330843,14.215185984833331
2021-01-25,14.668315014895601,14.464282840953741
2021-01-26,14.911993107012778,14.640772818025651
2021-01-27,14.63014631794306,14.340276713410304
2021-01-28,14.693423160811424,14.428470148272377
2021-01-29,14.624914957380637,14.391532511464312
2021-01-30,14.589133147953463,14.377968429066774
2021-01-31,14.289991038639572,14.091228183517243
2021-02-01,14.254652263336663,14.063403375873744
2021-02-02,13.773519025634549,13.547446886689757
2021-02-03,13.906754399592174,13.746494743356989
2021-02-04,14.112059332276136,13.825297627966362
2021-02-05,14.374794319356413,14.151699290116179
2021-02-06,14.031257953022449,13.754409832828639
2021-02-07,14.411248047788431,14.147973109388515
2021-02-08,14.097534664270635,13.938677368395389
2021-02-09,14.185780837094756,13.993538552263038
2021-02-10,14.431638849914957,14.270135488893818
2021-02-11,14.339895211212742,14.149182720892682
2021-02-12,14.500537841204983,14.333913703657984
2021-02-13,14.501866545486251,14.25798921445941
2021-02-14,14.894882764278124,14.72091415548185
2021-02-15,14.96040194961379,14.744253138789604
2021-02-16,14.444049609630751,14.313528648298547
2021-02-17,14.7192816572746,14.482754697786183
2021-02-18,14.363170368624585,14.133442698532651
2021-02-19,14.725838934270518,14.454325763598677
2021-02-20,14.736001301428672,14.497712032249261
2021-02-21,14.799062988510057,14.584857795741074
2021-02-22,15.008196929450177,14.801525068014664
2021-02-23,15.415315388896309,15.172934559536557
2021-02-24,14.873526219076197,14.681558601266003
2021-02-25,15.55173000364029,15.341243189517995
2021-02-26,15.15415483277892,14.952816863413172
2021-02-27,14.991656473809833,14.821152393198997
2021-02-28,14.669498880072616,14.458261536365924
2021-03-01,14.479363661289918,14.282514197988926
2021-03-02,13.428743599794606,13.192426963471785
2021-03-03,14.00016623857057,13.797459686846926
2021-03-04,14.598869794953556,14.356745034227183
2021-03-05,14.116333529355698,13.912473770756435
2021-03-06,14.347608176036632,14.141333238831555
2021-03-07,14.721791417812721,14.51971703345728
2021-03-08,14.832907650195795,14.535642638887492
2021-03-09,14.883952727941676,14.656337659502947
2021-03-10,14.842819246753452,14.596358457862808
2021-03-11,15.272190959327363,15.049323981128406
2021-03-12,15.234964284908052,15.02803553102158
2021-03-13,14.698191921679882,14.492579539227572
2021-03-14,14.876656877548154,14.663127081858583
2021-03-15,15.111472664077972,14.868751059150211
2021-03-16,15.20389052020539,15.015541082707534
2021-03-17,15.297208933122283,15.062742725452738
2021-03-18,15.523302433191766,15.32781105441435
2021-03-19,15.100452612590527,14.906077163419107
2021-03-20,14.988617747490967,14.83305318265302
2021-03-21,14.853008231455474,14.721845010167566
2021-03-22,15.18239386006512,15.123500564806802
2021-03-23,15.255966746668596,15.142279865489709
2021-03-24,15.20271664583499,15.107340153566454
2021-03-25,15.394012524549721,15.279334661904757
2021-03-26,15.210421754792112,15.102891744030867
2021-03-27,15.099986946205512,15.040909729430583
2021-03-28,15.076505519014246,14.976487832352309
2021-03-29,15.224077923856216,15.133318599635206
2021-03-30,16.084596856440946,15.939849632464187
2021-03-31,16.03692045718107,15.939849632464187
2021-04-01,16.015739156485118,15.922736559252902
2021-04-02,15.87806483786209,15.79356034939665
2021-04-03,15.842968227388859,15.77054335597606
2021-04-04,14.358158319723087,14.284023382763072
2021-04-05,14.796076148720163,14.72769421132606
2021-04-06,14.781547309413446,14.689177498055962
2021-04-07,15.069527602634441,14.978686054965223
2021-04-08,14.923033435821345,14.833823558544909
2021-04-09,14.950182887426761,14.81427736554599
2021-04-10,14.734105437250783,14.577690587212071
2021-04-11,14.829050813354032,14.743116051808201
2021-04-12,14.980663384271878,14.916214617353784
2021-04-13,14.988582128260182,14.879359806740888
2021-04-14,15.46780641272964,15.389602074057853
2021-04-15,15.267296883206733,15.146242961112488
2021-04-16,15.13332319907989,15.012108942976411
2021-04-17,15.150742524353026,14.997022849884699
2021-04-18,15.30799092618016,15.066903926128003
2021-04-19,15.059236564415302,14.888920638803745
2021-04-20,15.209291023153638,14.974538693715715
2021-04-21,15.47276796171254,15.236507964561193
2021-04-22,15.349174262536929,15.121578937325292
2021-04-23,14.733281557701165,14.491896449666127
2021-04-24,15.193334627232732,14.978564528706205
2021-04-25,15.329756367422707,15.104770409727765
2021-04-26,15.366912094556671,15.154450483513003
2021-04-27,15.483885809789367,15.286958301904475
2021-04-28,15.539425155430035,15.282343809023534
2021-04-29,16.070533917209186,15.858667144832154
2021-04-30,15.755998940053463,15.542319092134939
2021-05-01,15.695772616632905,15.47868010441818
2021-05-02,15.483499616048084,15.293268615191483
2021-05-03,15.144769914687782,14.9312629357856
2021-05-04,14.473100491078382,14.289037921559505
2021-05-05,14.728496940484352,14.505112285828092
2021-05-06,14.943800081989899,14.716650900084002
2021-05-07,14.946764513319506,14.764500391126992
2021-05-08,14.710826574395226,14.520873832280074
2021-05-09,15.15096411967374,14.976432729950538
2021-05-10,15.081392159670724,14.847865679691045
2021-05-11,15.016402429085867,14.827889170791169
2021-05-12,15.3805456306308,15.163019653709737
2021-05-13,15.550157165256053,15.365159015108267
2021-05-14,15.47375865531977,15.264493106753868
2021-05-15,15.16570140002918,14.961860908329708
2021-05-16,15.197134042504494,14.978506993354838
2021-05-17,15.359835426921112,15.15746350167508
2021-05-18,15.082208358422434,14.876538677609938
2021-05-19,15.383092520697307,15.161073433488687
2021-05-20,15.436441916966531,15.223735777637776
2021-05-21,15.508286288458619,15.26738986752566
2021-05-22,15.276573832410998,15.075879907315135
2021-05-23,15.162646524389048,14.942675929715683
2021-05-24,15.1986936541149,14.971527696030522
2021-05-25,15.15640487794839,14.960546769014105
2021-05-26,15.407894712177347,15.215938066483051
2021-05-27,15.80619070180632,15.61530117931574
2021-05-28,15.750786978803626,15.5313943484373
2021-05-29,15.348271405257247,15.14710908208197
2021-05-30,16.00020547706284,15.799932557725503
2021-05-31,15.894498359219492,15.682119024718919
2021-06-01,15.827679449513349,15.630622265459492
2021-06-02,15.755804854741243,15.533279513268324
2021-06-03,15.666764603689172,15.452499106166371
2021-06-04,14.74140033523571,14.556337958361855
2021-06-05,14.874954348915853,14.631782751489874
2021-06-06,15.149449966600198,14.941917277752232
2021-06-07,15.139258809109934,14.958712225240943
2021-06-08,15.188834495638924,14.97161427649782
2021-06-09,15.132960008079092,14.917286905713894
2021-06-10,15.200329716507708,14.985194514590622
2021-06-11,14.985361468754837,14.779593035754193
2021-06-12,15.101552465590448,14.887097420814538
2021-06-13,15.02422383746198,14.837315197731066
2021-06-14,15.203786185079835,14.966023605975732
2021-06-15,15.241540872074754,15.017409072437744
2021-06-16,15.371580864007194,15.137944869066335
2021-06-17,15.574704208889564,15.362789871265102
2021-06-18,15.278039339814132,15.057842795032593
2021-06-19,15.095609947031088,14.919574598788946
2021-06-20,14.951348500464814,14.732737775199098
2021-06-21,15.055137178353556,14.856198651421417
2021-06-22,15.154327180931817,14.93805332171526
2021-06-23,15.450584099672128,15.26440090472073
2021-06-24,15.42800065972595,15.317791991853131
2021-06-25,14.995959992568899,14.847639017721074
2021-06-26,14.979386904504512,14.896037593205143
2021-06-27,15.18623833860955,15.158899834562662
2021-06-28,15.263733386994323,15.222157162470609
2021-06-29,15.591675903409007,15.592452810758152
2021-06-30,15.443753892807855,15.414895326460123
2021-07-01,15.4201104158636,15.429907900071493
2021-07-02,15.296649235845697,15.280259998681396
2021-07-03,14.957346556324426,14.947281752948586
2021-07-04,13.50162433612574,13.38058652542661
2021-07-05,14.446153866084433,14.471698129547116
2021-07-06,14.295597652764716,14.302217174896652
2021-07-07,14.37026345547653,14.354978406761674
2021-07-08,14.756747677054564,14.739019344888648
2021-07-09,14.803494357312765,14.811222971484446
2021-07-10,14.74139900407422,14.710810275970564
2021-07-11,14.768215703629874,14.753078985548829
2021-07-12,14.95458461627945,14.949741245903672
2021-07-13,14.79035220725065,14.751242118359992
2021-07-14,14.904353461207604,14.840047405744386
2021-07-15,15.10427032861181,15.107372767949826
2021-07-16,14.833821611654654,14.838140336578517
2021-07-17,14.712872562500424,14.690953865828181
2021-07-18,14.854982871973418,14.890676568294712
2021-07-19,14.866192159007149,14.80733582510981
2021-07-20,15.036328992564997,14.929057428512875
2021-07-21,15.020422918768755,14.889915208506217
2021-07-22,15.294386133191965,15.14952775401244
2021-07-23,15.293749534908148,15.138279748333614
2021-07-24,14.6459411553693,14.473512481008337
2021-07-25,14.751331177983884,14.591809328610962
2021-07-26,15.117595075949495,14.886602663061671
2021-07-27,15.056836437300303,14.865338706944804
2021-07-28,15.213452143557072,14.989678521073559
2021-07-29,15.528922587850186,15.334214547141013
2021-07-30,15.694676901934633,15.659614940351643
2021-07-31,15.474953795008831,15.51053790190253
2021-08-01,15.110888951820979,15.228927279883187
2021-08-02,15.29702819738539,15.40193309695571
2021-08-03,14.700295551426056,15.02730460447941
2021-08-04,13.961910506900836,14.344603943487451
2021-08-05,14.20892907640322,14.521784528984623
2021-08-06,14.280189913386009,14.680239176164317
2021-08-07,14.305518540481666,14.6642662666027
2021-08-08,14.160434988232609,14.466841353928658
2021-08-09,14.134998488659475,14.588986625244626
2021-08-10,14.273794915265189,14.625098571607369
2021-08-11,14.369527967036932,14.772938093041232
2021-08-12,14.724162057059587,15.08215544803288
2021-08-13,14.603653127878138,15.0521908159145
2021-08-14,14.217035052041526,14.505367035093826
2021-08-15,14.437225977505404,14.78840467968105
2021-08-16,14.613047334492032,15.015311143678106
2021-08-17,14.632335972192982,15.015605118615756
2021-08-18,14.444324513645263,14.78267497340167
2021-08-19,14.745940115893848,15.10868230281703
2021-08-20,14.752851957615837,15.166239343170531
2021-08-21,14.189386769182478,14.556496469272002
2021-08-22,14.310370853416021,14.64655381081116
2021-08-23,14.448839106498232,14.780988453288456
2021-08-24,14.423275907648293,14.847987887420953
2021-08-25,14.478130250357923,14.852954919544032
2021-08-26,14.450270965854491,14.90043529469322
2021-08-27,14.323973655160824,14.678996799432305
2021-08-28,14.325299350406388,14.712927759997507
2021-08-29,15.306858236811538,15.66272359546042
2021-08-30,15.200845784261382,15.520109008097787
2021-08-31,15.186934510574721,15.472018912884247
2021-09-01,15.090771506821474,15.337888214396003
2021-09-02,15.180994874313361,15.367815611526012
2021-09-03,13.884079464924298,13.818774246334703
2021-09-04,14.425136897066684,14.352139989397575
2021-09-05,14.33602392563525,14.301735261336036
2021-09-06,14.556226004098574,14.473651678828203
2021-09-07,14.623829982361,14.502005516476064
2021-09-08,15.128421161931133,15.050282575486426
2021-09-09,14.598076031566034,14.549054697129506
2021-09-10,14.499040702722084,14.415285124426552
2021-09-11,14.25214900890179,14.190877493063297
2021-09-12,14.558673337256206,14.46219514695482
2021-09-13,14.72719190693641,14.633455266119663
2021-09-14,14.814305340075453,14.744714482523872
2021-09-15,15.002025192424737,14.916539600595181
2021-09-16,14.432425112429428,14.320990694034133
2021-09-17,14.524482464451175,14.451597997463011
2021-09-18,14.463005728444436,14.395294514220753
2021-09-19,14.484589836261712,14.400378055128083
2021-09-20,14.651523723587776,14.576493432072294
2021-09-21,14.982091833239172,14.859299441008254
2021-09-22,14.739340375380694,14.648100086356221
2021-09-23,14.61334991489309,14.509343853093776
2021-09-24,14.513132322624452,14.397799448875565
2021-09-25,14.640548926748636,14.56351604469904
2021-09-26,14.286811201972595,14.194977277827986
2021-09-27,14.933495688773696,14.8677645725198
2021-09-28,15.373472803592511,15.271118372845793
2021-09-29,14.973728829027486,14.842651327262779
2021-09-30,15.069452237221375,14.947653191975075
2021-10-01,14.717929682419658,14.63513294534585
2021-10-02,14.765192722625592,14.652521132349586
2021-10-03,13.732493176164725,13.57896600043372
2021-10-04,13.857979672038038,13.66967347423072
2021-10-05,14.180785555204984,14.029481779783758
2021-10-06,14.39945056172045,14.197567554823546
2021-10-07,14.417746598241882,14.219502461439188
2021-10-08,14.293771216424927,14.097158144474903
2021-10-09,14.400243498325436,14.185584142871306
2021-10-10,14.448439992047787,14.260142230323797
2021-10-11,14.648615874695595,14.429958503403821
2021-10-12,14.264766331326008,14.103842734052886
2021-10-13,14.467147627097487,14.300574860023687
2021-10-14,14.58020399335158,14.365752773774947
2021-10-15,14.457394659469655,14.325736898195753
2021-10-16,14.560444736270208,14.37556745431136
2021-10-17,14.72985750190611,14.569033901241955
2021-10-18,14.523344576968375,14.354570894159435
2021-10-19,14.40006769131656,14.182428609694803
2021-10-20,14.826515080929262,14.626311556943527
2021-10-21,14.35506333727867,14.169799775319127
2021-10-22,14.737286566165409,14.53133789333281
2021-10-23,14.432760562083311,14.235497722065798
2021-10-24,14.604669063377987,14.446433779386897
2021-10-25,14.519592891211827,14.314313823931133
2021-10-26,14.58685647636065,14.390211696252516
2021-10-27,14.581872293485343,14.405124225103162
2021-10-28,14.727734812917138,14.526845911329016
2021-10-29,15.136286437942596,14.94399052996784
2021-10-30,15.049477301884599,14.902541200874968
2021-10-31,14.922979546686031,14.749824986756204
2021-11-01,14.889383363693614,14.6903050430612
2021-11-02,14.938077518718941,14.74618629968358
2021-11-03,14.048925940919982,13.869925587163412
2021-11-04,14.111831914103535,13.943369557945747
2021-11-05,14.044720614767142,13.896819522058193
2021-11-06,14.55452644892408,14.354598571176233
2021-11-07,13.756613151776762,13.569949399271781
2021-11-08,14.540486501289806,14.338739270428924
2021-11-09,14.716605484185692,14.55748481629805
2021-11-10,14.389223782723807,14.233468386076053
2021-11-11,14.160970604372325,13.932247437701442
2021-11-12,14.390769820492872,14.194484178142233
2021-11-13,14.070990386684654,13.886226136738573
2021-11-14,14.02147214919228,13.879128314703381
2021-11-15,14.003133794319096,13.799121172724265
2021-11-16,14.560640662312741,14.360914966631748
2021-11-17,14.242012883889192,14.115113120715085
2021-11-18,14.323076115484279,14.175361485124764
2021-11-19,14.041362693749432,13.906301486774256
2021-11-20,13.88448183988484,13.854950670124756
2021-11-21,14.016743577111004,14.029263103493882
2021-11-22,14.25910511734934,14.293844710595982
2021-11-23,14.293711615051725,14.303484395229418
2021-11-24,14.325498340839589,14.35183968692176
2021-11-25,14.060810325494392,14.082344855393215
2021-11-26,13.785831664512068,13.83476889990915
2021-11-27,14.157170081604486,14.234107590351345
2021-11-28,14.674022343743452,14.659031557841775
2021-11-29,14.420295261937728,14.454687195080492
2021-11-30,14.91009853326813,14.929237098692242
2021-12-01,14.447627259671458,14.468116673289638
2021-12-02,14.463384178597693,14.50683766820065
2021-12-03,13.282352699140477,13.348542843661667
2021-12-04,13.616316208833041,13.576113569769586
2021-12-05,13.912427691381303,13.895026249866314
2021-12-06,13.970707975484725,13.940116010143567
2021-12-07,13.47119820983009,13.493008539828315
2021-12-08,13.73133095680106,13.783140154172823
2021-12-09,13.81454387087283,13.86218774851927
2021-12-10,14.010248330210164,14.03335658212686
2021-12-11,13.763160189281027,13.813493294656116
2021-12-12,14.066319975415341,14.083327024436759
2021-12-13,13.922497408422435,13.97146769944245
2021-12-14,14.41536943734504,14.449262151135462
2021-12-15,14.388696431531493,14.412443303003899
2021-12-16,14.387611300633468,14.428692596592382
2021-12-17,14.196414371859431,14.23655825773977
2021-12-18,14.009885406106449,14.012155214341925
2021-12-19,14.251463868003471,14.227656386944616
2021-12-20,14.332370572118688,14.311603634747659
2021-12-21,14.51724022836867,14.570447455471301
2021-12-22,14.66040821301901,14.641258570811742
2021-12-23,14.697588729804663,14.72402090095734
2021-12-24,14.186253950568128,14.224371420632885
2021-12-25,13.92972072964798,13.960769624299305
2021-12-26,14.091033603137742,14.107250112690384
2021-12-27,13.84024074058059,13.801496771948228
2021-12-28,14.43343039626332,14.429178776083141
2021-12-29,15.217970031775698,15.252656932371531
2021-12-30,15.16165652576867,15.188723970306446
2021-12-31,14.927764307371348,14.953814067669212
2022-01-01,14.891248706867614,14.920629797104217
2022-01-02,14.675004881054978,14.677916054007799
2022-01-03,13.209576720664066,13.074227849913541
2022-01-04,14.032491463122346,13.871734990779702
2022-01-05,13.604763106546526,13.436599207489868
2022-01-06,13.80853591156738,13.626402907633807
2022-01-07,14.07399394772368,13.91953972577172
2022-01-08,14.311272116295546,14.129775915533788
2022-01-09,14.349947060188885,14.215197377203097
2022-01-10,14.759071732090993,14.58502178668068
2022-01-11,14.31069896525246,14.105915116086507
2022-01-12,14.389608119840094,14.225596042342456
2022-01-13,13.975223445706701,13.76026795954216
2022-01-14,14.252944390596143,14.078044115793142
2022-01-15,14.195310248961148,14.049044208765784
2022-01-16,14.540321183673601,14.393163280824389
2022-01-17,14.299031293115965,14.108652567793282
2022-01-18,14.436735319385544,14.28957502458776
2022-01-19,14.519035468128537,14.368354221023724
2022-01-20,14.038041569714425,13.85772533251597
2022-01-21,14.273536395258398,14.034873387347668
2022-01-22,14.380025639025135,14.199848000500648
2022-01-23,14.395118966350516,14.229226454511322
2022-01-24,14.465701843857646,14.286653356859809
2022-01-25,14.720206448719189,14.486956495697703
2022-01-26,14.639236259461212,14.45905252904558
2022-01-27,14.288317124059754,14.070211790100384
2022-01-28,14.842382805126961,14.651436647016
2022-01-29,15.175880132053564,14.993482561119166
2022-01-30,15.177333304259488,14.99807006944841
2022-01-31,14.966028960707586,14.781634490808186
2022-02-01,15.116376891571278,14.944367539810544
2022-02-02,14.937976137985519,14.71456194660089
2022-02-03,13.870869859928133,13.727107929997297
2022-02-04,13.942375208415388,13.774269746585814
2022-02-05,14.097532469384715,13.905592357212711
2022-02-06,14.123396147933246,13.898394072875089
2022-02-07,14.390478676334679,14.224750326403402
2022-02-08,14.658810431327002,14.435399158611675
2022-02-09,14.551702443392616,14.355633765391186
2022-02-10,14.335469796983807,14.13555156687246
2022-02-11,14.44052800335649,14.187395648905893
2022-02-12,14.725250472007446,14.50992072562014
2022-02-13,14.720169833966125,14.527405098437265
2022-02-14,14.722821927762473,14.541397089105766
2022-02-15,14.884169178008037,14.650225171758523
2022-02-16,14.975242633677416,14.780234986671404
2022-02-17,14.67628983994966,14.47336481071285
2022-02-18,14.612150675341816,14.458830936731623
2022-02-19,14.730714795817505,14.544535008016796
2022-02-20,15.001680324481791,14.848331772488825
2022-02-21,14.988574720835492,14.794625076659061
2022-02-22,15.109173773460949,14.940551603284616
2022-02-23,15.008704379219608,14.833738650380482
2022-02-24,14.83394334099132,14.66453300896127
2022-02-25,14.895207738574465,14.709592980808956
2022-02-26,15.656814030962801,15.403964860296444
2022-02-27,15.54758048628061,15.402590229341426
2022-02-28,15.608470949130162,15.413451820449831
2022-03-01,15.326833934661144,15.143850832898561
2022-03-02,15.468346425561348,15.307604382140484
2022-03-03,13.923088884460515,13.749925035578801
2022-03-04,14.051066681573241,13.817131593376136
2022-03-05,14.46658767903646,14.329085135891201
2022-03-06,14.693789127373476,14.447425654427429
2022-03-07,14.93960862100953,14.772430456808648
2022-03-08,15.144663232457257,14.978504955538199
2022-03-09,15.235866169590642,15.0256777812018
2022-03-10,15.081046966183784,14.879417761865612
2022-03-11,15.068223870941113,14.869249608283415
2022-03-12,15.132192496786667,14.988023168418737
2022-03-13,15.208441900515968,15.023342464367817
2022-03-14,15.365046203870527,15.183712338474358
2022-03-15,15.345740507062155,15.178433966029427
2022-03-16,15.324008383566452,15.147124412987633
2022-03-17,15.468445071208286,15.30193909921193
2022-03-18,15.30310552495008,15.109775703774552
2022-03-19,15.277354689382944,15.09288282408116
2022-03-20,15.250348660036748,15.135732980195636
2022-03-21,15.210777747585064,15.133913639728885
2022-03-22,15.34738061358685,15.28397615752028
2022-03-23,15.48356513880145,15.408003371715683
2022-03-24,15.435301866544465,15.372456828805854
2022-03-25,15.2319679610662,15.205432324586663
2022-03-26,15.279924640542763,15.204358984680054
2022-03-27,15.458222906745004,15.379009889697425
2022-03-28,15.395573007409162,15.343151416258584
2022-03-29,15.40648007258205,15.344596948713367
2022-03-30,16.084596856440946,15.939849632464187
2022-03-31,16.03830996025309,15.939849632464187
2022-04-01,15.931653023003449,15.900158173245421
2022-04-02,15.930495050902818,15.870661736734236
2022-04-03,15.694665043360816,15.63171004528177
2022-04-04,14.495844777000789,14.40469955580444
2022-04-05,14.919966837206598,14.83876091064582
2022-04-06,14.891879146340367,14.788190148758044
2022-04-07,14.482260158051789,14.421652463334155
2022-04-08,14.738326077042322,14.6534179123814
2022-04-09,15.074897891112862,15.033537560747522
2022-04-10,15.136650723124406,15.071490945013098
2022-04-11,15.247562967222816,15.19743666965969
2022-04-12,15.274130545767743,15.217180294862843
2022-04-13,15.402422312898535,15.329764849585123
2022-04-14,15.356672899447014,15.298881669401732
2022-04-15,15.406436677576782,15.271342928956182
2022-04-16,15.454108564039995,15.328602558608807
2022-04-17,15.31298003265504,15.170625921685003
2022-04-18,15.118664859774,14.912753819942845
2022-04-19,15.303173222707436,15.104934788438957
2022-04-20,15.39951982755418,15.206199461422859
2022-04-21,14.889304059415663,14.69877075044553
2022-04-22,15.343631509041677,15.174021139756938
2022-04-23,15.365166202202492,15.183049138952237
2022-04-24,15.429048850338733,15.24427943384042
2022-04-25,15.399382307473985,15.190445656252315
2022-04-26,15.553897836554517,15.378027462567331
2022-04-27,15.494757097599473,15.291816163842698
2022-04-28,15.536657147772265,15.351319632979733
2022-04-29,15.840962551259995,15.637999630833368
2022-04-30,15.701485400338735,15.502896971983068
2022-05-01,15.552613265139994,15.364531613122393
2022-05-02,15.27203908917447,15.049310164538875
2022-05-03,15.52114092452059,15.326561745679328
2022-05-04,14.399251059286742,14.216231878750932
2022-05-05,15.084231793270169,14.88593497180694
2022-05-06,14.74454452482219,14.522293241080414
2022-05-07,15.102068621707135,14.914136213209717
2022-05-08,14.719058326053245,14.46956418168623
2022-05-09,14.909441127802822,14.703424724519333
2022-05-10,15.115292378564023,14.899342402038275
2022-05-11,15.285083860653101,15.074300308867272
2022-05-12,15.374314962514358,15.170880781371197
2022-05-13,15.06229350457428,14.898656405477803
2022-05-14,15.298660717440864,15.132038441298151
2022-05-15,15.309557977826827,15.097671383711402
2022-05-16,15.279604115814182,15.059660757100705
2022-05-17,15.24078136202129,15.028500178346073
2022-05-18,15.622843605371921,15.424373226977599
2022-05-19,15.577653965878183,15.371104498428341
2022-05-20,14.615957213185508,14.40170134457421
2022-05-21,15.210059575469876,15.02189170590122
2022-05-22,15.425003816866731,15.232381591469602
2022-05-23,15.10946516967997,14.932573540870912
2022-05-24,15.306750204545864,15.092116007755942
2022-05-25,15.698626557675752,15.52060832542283
2022-05-26,15.653552206137228,15.452837916933909
2022-05-27,15.110970854014596,14.891580738382434
2022-05-28,14.986126198960024,14.795395292558883
2022-05-29,15.488384430814198,15.300179446702503
2022-05-30,15.914571254227848,15.751541600372773
2022-05-31,15.957124625192135,15.730596867527153
2022-06-01,15.940566321080363,15.76686578705642
2022-06-02,15.934826267518574,15.73190093883049
2022-06-03,15.700384379749806,15.491812199268985
2022-06-04,14.913773925766577,14.728947682170164
2022-06-05,14.895790087151035,14.724400866127022
2022-06-06,14.94719005033658,14.739719128855961
2022-06-07,15.116584609901832,14.945682241821924
2022-06-08,15.120269675215754,14.942391862764756
2022-06-09,14.778318068013537,14.590166354306184
2022-06-10,15.030288281344186,14.85597737169022
2022-06-11,15.311462938231546,15.062159881875331
2022-06-12,15.333199520082147,15.155813625793833
2022-06-13,15.255621252305719,15.09068259996019
2022-06-14,15.393177425511531,15.187465600700778
2022-06-15,15.418895091614536,15.24989659412876
2022-06-16,15.237142706795588,15.081579426181051
2022-06-17,15.40767528416718,15.23323569139688
2022-06-18,15.387824187159454,15.15690196815226
2022-06-19,15.14921794878498,14.966435051920543
2022-06-20,15.016388047743002,14.828314440328741
2022-06-21,15.267554992714278,15.07338546392899
2022-06-22,15.460760903110746,15.270293414728336
2022-06-23,15.002418857293398,14.808324594441158
2022-06-24,15.282068390079994,15.161017621878617
2022-06-25,15.110449585306593,15.05841279167834
2022-06-26,15.013636165706608,14.994662067945697
2022-06-27,15.062963935496244,15.081246940896103
2022-06-28,15.573256977921712,15.572995619807699
2022-06-29,15.798645678631265,15.826660555384002
2022-06-30,15.5209494860661,15.529093996054685
2022-07-01,15.45452343173266,15.456239867916883
2022-07-02,15.339788267655202,15.35910172110339
2022-07-03,15.064619143041172,15.058866097894068
2022-07-04,14.004929071678449,14.006795399235417
2022-07-05,13.891773290524897,13.880472817437076
2022-07-06,14.510214655899127,14.487435465708026
2022-07-07,14.593996734530682,14.600154556698422
2022-07-08,14.44735615949895,14.499869741948766
2022-07-09,14.503016003825472,14.553510346398014
2022-07-10,14.626450494133364,14.626182145183451
2022-07-11,14.942129979638214,14.953572921300815
2022-07-12,15.001829297280118,15.058430239877032
2022-07-13,15.01908288611033,14.99906338647364
2022-07-14,15.0476648008678,15.06314722080702
2022-07-15,15.00094415833853,15.034009200614983
2022-07-16,14.934121915416984,14.932157667180542
2022-07-17,14.99073537334071,14.990909326237238
2022-07-18,15.011048115417449,15.028431396952922
2022-07-19,14.947540356289737,14.920466410286563
2022-07-20,15.049888937956759,14.985680705724246
2022-07-21,15.095342966511787,14.953103162302762
2022-07-22,14.834882697100667,14.676281746903852
2022-07-23,15.24826702542871,15.099981426888428
2022-07-24,15.159381095445383,14.952769157668863
2022-07-25,14.776447339968996,14.55739646327543
2022-07-26,14.971157147029837,14.790689692828282
2022-07-27,15.254139688947806,15.059067414235649
2022-07-28,15.396471210958504,15.187419173656574
2022-07-29,14.986785096375758,14.801754209131971
2022-07-30,14.802245762708784,14.575130319411896
2022-07-31,15.34653685144277,15.133397320041878
2022-08-01,15.222053322007625,14.978988751673995
2022-08-02,15.31741402903099,15.127003274472248
2022-08-03,15.441915563718073,15.25286501690851
2022-08-04,15.284542631966636,15.100422837286171
2022-08-05,14.56446628753978,14.3922438476612
2022-08-06,14.659355544036098,14.517285021267773
2022-08-07,14.662040593649524,14.448126356735798
2022-08-08,14.932118256927893,14.76203927109442
2022-08-09,14.727145552694232,14.474435009414519
2022-08-10,14.901876370387216,14.69087281881642
2022-08-11,15.116885198509827,14.94995191079508
2022-08-12,14.840730400480147,14.6228108160694
2022-08-13,14.397294492475456,14.184582730717548
2022-08-14,14.754491602578359,14.561783703794125
2022-08-15,15.168571152149234,15.012208716098037
2022-08-16,14.959732810113586,14.779771880153705
2022-08-17,15.062799445264508,14.896926038837599
2022-08-18,15.243900287319876,15.05997387083506
2022-08-19,14.514197182435476,14.31227341896873
2022-08-20,14.723368380598536,14.553695624074024
2022-08-21,14.620195097148883,14.460201594563825
2022-08-22,15.135583975467256,14.94549256480973
2022-08-23,14.700195487120238,14.484212734151402
2022-08-24,15.007304781511062,14.801143354217112
2022-08-25,15.071831805412494,14.91289827715314
2022-08-26,15.080780049984478,14.90772522542609
2022-08-27,14.677414934761488,14.456014617741312
2022-08-28,15.768782580379964,15.58692213246488
2022-08-29,15.886011984388794,15.687775155625213
2022-08-30,15.69868579877493,15.51705656900833
2022-08-31,15.8472750796997,15.66267226587753
2022-09-01,15.653633994970571,15.455624004202857
2022-09-02,14.458846976221647,14.373322542881908
2022-09-03,14.18229329758566,14.092806374511367
2022-09-04,14.411492631906384,14.327295429504973
2022-09-05,14.610592504496488,14.553383678722323
2022-09-06,14.180435881727146,14.096172630272068
2022-09-07,14.452553178009264,14.356358142716655
2022-09-08,14.958860999783724,14.864347515345147
2022-09-09,14.46043573866887,14.388692648918765
2022-09-10,14.915172908457777,14.782183317748775
2022-09-11,15.089250749362515,15.026208104441825
2022-09-12,15.043937071223423,14.947777582407083
2022-09-13,14.740249467281304,14.711435258980265
2022-09-14,14.569371786930214,14.50475418958089
2022-09-15,14.964184471993619,14.8570431485178
2022-09-16,14.754695509704202,14.692152710763578
2022-09-17,14.40911968383908,14.367048769945868
2022-09-18,14.67229741649873,14.556825485222555
2022-09-19,14.856676075927473,14.778183085739597
2022-09-20,14.410495569161192,14.337749279841335
2022-09-21,14.63179796322869,14.584037242652702
2022-09-22,14.94889488099472,14.883995298919125
2022-09-23,14.784059809446203,14.713152660030943
2022-09-24,14.878983335898045,14.806796221669952
2022-09-25,14.92781878429698,14.828256675462358
2022-09-26,15.465205294680013,15.394292466230882
2022-09-27,15.264741208114376,15.15143047347838
2022-09-28,15.264146362788745,15.16643589723511
2022-09-29,15.28631958876738,15.207684582436647
2022-09-30,14.752119423454078,14.662392749115847
2022-10-01,14.200618477435539,14.073237239293535
2022-10-02,14.069997586001884,13.830877351677662
2022-10-03,14.5944105188132,14.403248160551746
2022-10-04,14.827809814833888,14.649502190426638
2022-10-05,14.239040077664272,14.005757095644096
2022-10-06,14.521830312964072,14.333476735190098
2022-10-07,14.156518421631826,13.921789397833319
2022-10-08,14.575168359107241,14.406588101978862
2022-10-09,14.406501411743786,14.213510336378059
2022-10-10,14.672663038825402,14.496556153832916
2022-10-11,14.635362457345215,14.486234286565404
2022-10-12,14.49669048575081,14.296547001273698
2022-10-13,14.703739342710092,14.478522736211293
2022-10-14,14.471900217620547,14.27676864998894
2022-10-15,14.501882936288816,14.27050063956844
2022-10-16,14.456286552894257,14.319837500973223
2022-10-17,14.734728920143635,14.566622524936177
2022-10-18,14.969462200504015,14.788235466815495
2022-10-19,14.658936123543013,14.473552833799246
2022-10-20,14.767613145587529,14.555481045888799
2022-10-21,14.794712071927295,14.604645052657704
2022-10-22,14.693943842535845,14.482856213567736
2022-10-23,14.494370388685844,14.303166851805528
2022-10-24,14.800751503882232,14.624620612023369
2022-10-25,14.91524783692677,14.680077279548206
2022-10-26,14.6680055541008,14.458686596024318
2022-10-27,14.729373032005274,14.551474655462883
2022-10-28,15.253023924087328,15.072178947508231
2022-10-29,15.103899947216792,14.88646105263239
2022-10-30,14.95676028024541,14.739369288159898
2022-10-31,15.348238569084002,15.156744685068485
2022-11-01,14.922476285971007,14.733675256864888
2022-11-02,14.106931302862423,13.943194427099236
2022-11-03,14.041627468461632,13.809600950581126
2022-11-04,13.878548265944984,13.719443788017797
2022-11-05,14.417704641334478,14.280931697373214
2022-11-06,14.607471310640422,14.375133603016222
2022-11-07,14.319827439750258,14.108907839948312
2022-11-08,14.392918056298555,14.207995473353352
2022-11-09,13.647517224162884,13.458172980246548
2022-11-10,14.547686062979674,14.342767107695176
2022-11-11,14.274039952993208,14.083523821365814
2022-11-12,14.118748717143644,13.90346810053138
2022-11-13,14.881445858665524,14.69073569898433
2022-11-14,14.32036279653499,14.17224382520217
2022-11-15,14.251925972215124,14.030376326776194
2022-11-16,14.17796696300234,13.957697644255829
2022-11-17,14.2487982759197,14.098061599160856
2022-11-18,14.541892151212165,14.384974945977334
2022-11-19,14.218682746005904,14.135944944471085
2022-11-20,14.434876226922606,14.305145163745628
2022-11-21,14.115547044391747,14.0597384951632
2022-11-22,13.65673639629821,13.715354011473275
2022-11-23,13.87469479233236,13.961984394662663
2022-11-24,14.363438421733827,14.389418721566292
2022-11-25,14.239421098286082,14.270905891236412
2022-11-26,14.526321206901534,14.560277139483242
2022-11-27,14.95929381225382,15.004353626888667
2022-11-28,14.559787269003193,14.58206311391463
2022-11-29,14.755021517538559,14.80668320442143
2022-11-30,14.091391156153666,14.112911788511257
2022-12-01,14.327403751674632,14.336138323386134
2022-12-02,13.487536961379051,13.49632513172214
2022-12-03,13.532756549301203,13.529673449186522
2022-12-04,13.406655475380026,13.428215922382643
2022-12-05,14.29008877033114,14.339207104884803
2022-12-06,14.177503941894935,14.194184896890157
2022-12-07,13.54136199965108,13.503090092540882
2022-12-08,13.61487512521372,13.63249844679252
2022-12-09,14.09561563484832,14.127966959179764
2022-12-10,14.284850116764032,14.296072408755236
2022-12-11,14.166809293960954,14.238422252107972
2022-12-12,14.500164805450797,14.543918597755972
2022-12-13,14.317684981780992,14.338796615084176
2022-12-14,14.32367940963465,14.339168822062424
2022-12-15,14.217181570920902,14.256605761178001
2022-12-16,14.209033960214235,14.235234227909203
2022-12-17,14.079561660458664,14.094296113505875
2022-12-18,14.604592991111659,14.652324248145721
2022-12-19,14.62678222254714,14.624558216613888
2022-12-20,14.521974219314558,14.534854175900632
2022-12-21,14.400736179526062,14.407115241614571
2022-12-22,14.398632727670273,14.388651653724104
2022-12-23,14.221782080832636,14.22046603623321
2022-12-24,14.145441367454985,14.153169711349591
2022-12-25,13.943704570835244,13.9640181713138
2022-12-26,14.562592323630287,14.586065295697964
2022-12-27,14.557711991628622,14.59706837109899
2022-12-28,15.053516663286569,15.072157972222026
2022-12-29,14.941720286530282,14.969490726942006
2022-12-30,14.874920983434775,14.92152642240462
2022-12-31,14.683886903663472,14.639374167227828
